+ O=/workspace/kd110
+ R=/workspace/kd110/run
+ D=/root/kd_data
+ mkdir -p /workspace/kd110/run /root/kd_data
+ python3 -m pip install -q einops packaging tokenizers huggingface_hub datasets pytest pyarrow 'transformers>=4.48'
+ tail -1
+ nvidia-smi --query-gpu=name,memory.total --format=csv,noheader
NVIDIA A100-SXM4-80GB, 81920 MiB
+ df -h /root /workspace
+ tail -2
overlay                      150G  437M  150G   1% /
mfs#us-md-1.runpod.net:9421  404T  243T  161T  61% /workspace
+ free -g
+ head -2
               total        used        free      shared  buff/cache   available
Mem:            2003          94         356           0        1565        1909
++ for i in 0 1 2 3 4 5 6 7 8 9
++ printf 'sample/10BT/%03d_00000.parquet ' 0
++ for i in 0 1 2 3 4 5 6 7 8 9
++ printf 'sample/10BT/%03d_00000.parquet ' 1
++ for i in 0 1 2 3 4 5 6 7 8 9
++ printf 'sample/10BT/%03d_00000.parquet ' 2
++ for i in 0 1 2 3 4 5 6 7 8 9
++ printf 'sample/10BT/%03d_00000.parquet ' 3
++ for i in 0 1 2 3 4 5 6 7 8 9
++ printf 'sample/10BT/%03d_00000.parquet ' 4
++ for i in 0 1 2 3 4 5 6 7 8 9
++ printf 'sample/10BT/%03d_00000.parquet ' 5
++ for i in 0 1 2 3 4 5 6 7 8 9
++ printf 'sample/10BT/%03d_00000.parquet ' 6
++ for i in 0 1 2 3 4 5 6 7 8 9
++ printf 'sample/10BT/%03d_00000.parquet ' 7
++ for i in 0 1 2 3 4 5 6 7 8 9
++ printf 'sample/10BT/%03d_00000.parquet ' 8
++ for i in 0 1 2 3 4 5 6 7 8 9
++ printf 'sample/10BT/%03d_00000.parquet ' 9
+ FILES='sample/10BT/000_00000.parquet sample/10BT/001_00000.parquet sample/10BT/002_00000.parquet sample/10BT/003_00000.parquet sample/10BT/004_00000.parquet sample/10BT/005_00000.parquet sample/10BT/006_00000.parquet sample/10BT/007_00000.parquet sample/10BT/008_00000.parquet sample/10BT/009_00000.parquet '
++ nproc
++ nproc
+ W=8
+ for i in 1 2
+ '[' -f /root/kd_data/meta.json ']'
+ timeout 120m python3 scripts/mohawk_distill.py prep --out /root/kd_data --workers 8 --files sample/10BT/000_00000.parquet sample/10BT/001_00000.parquet sample/10BT/002_00000.parquet sample/10BT/003_00000.parquet sample/10BT/004_00000.parquet sample/10BT/005_00000.parquet sample/10BT/006_00000.parquet sample/10BT/007_00000.parquet sample/10BT/008_00000.parquet sample/10BT/009_00000.parquet
downloading sample/10BT/000_00000.parquet ...
Warning: You are sending unauthenticated requests to the HF Hub. Please set a HF_TOKEN to enable higher rate limits and faster downloads.
  726,000 documents in 726 row groups; tokenising with 8 workers (4 s)
Warning: You are sending unauthenticated requests to the HF Hub. Please set a HF_TOKEN to enable higher rate limits and faster downloads.
Warning: You are sending unauthenticated requests to the HF Hub. Please set a HF_TOKEN to enable higher rate limits and faster downloads.
Warning: You are sending unauthenticated requests to the HF Hub. Please set a HF_TOKEN to enable higher rate limits and faster downloads.
Warning: You are sending unauthenticated requests to the HF Hub. Please set a HF_TOKEN to enable higher rate limits and faster downloads.
Warning: You are sending unauthenticated requests to the HF Hub. Please set a HF_TOKEN to enable higher rate limits and faster downloads.
Warning: You are sending unauthenticated requests to the HF Hub. Please set a HF_TOKEN to enable higher rate limits and faster downloads.
Warning: You are sending unauthenticated requests to the HF Hub. Please set a HF_TOKEN to enable higher rate limits and faster downloads.
Warning: You are sending unauthenticated requests to the HF Hub. Please set a HF_TOKEN to enable higher rate limits and faster downloads.
sample/10BT/000_00000.parquet: 726,000 documents, 749,757,239 tokens so far (203 s)
downloading sample/10BT/001_00000.parquet ...
  729,000 documents in 729 row groups; tokenising with 8 workers (207 s)
Warning: You are sending unauthenticated requests to the HF Hub. Please set a HF_TOKEN to enable higher rate limits and faster downloads.
Warning: You are sending unauthenticated requests to the HF Hub. Please set a HF_TOKEN to enable higher rate limits and faster downloads.
Warning: You are sending unauthenticated requests to the HF Hub. Please set a HF_TOKEN to enable higher rate limits and faster downloads.
Warning: You are sending unauthenticated requests to the HF Hub. Please set a HF_TOKEN to enable higher rate limits and faster downloads.
Warning: You are sending unauthenticated requests to the HF Hub. Please set a HF_TOKEN to enable higher rate limits and faster downloads.
Warning: You are sending unauthenticated requests to the HF Hub. Please set a HF_TOKEN to enable higher rate limits and faster downloads.
Warning: You are sending unauthenticated requests to the HF Hub. Please set a HF_TOKEN to enable higher rate limits and faster downloads.
Warning: You are sending unauthenticated requests to the HF Hub. Please set a HF_TOKEN to enable higher rate limits and faster downloads.
sample/10BT/001_00000.parquet: 729,000 documents, 1,498,497,945 tokens so far (406 s)
downloading sample/10BT/002_00000.parquet ...
  727,000 documents in 727 row groups; tokenising with 8 workers (411 s)
Warning: You are sending unauthenticated requests to the HF Hub. Please set a HF_TOKEN to enable higher rate limits and faster downloads.
Warning: You are sending unauthenticated requests to the HF Hub. Please set a HF_TOKEN to enable higher rate limits and faster downloads.
Warning: You are sending unauthenticated requests to the HF Hub. Please set a HF_TOKEN to enable higher rate limits and faster downloads.
Warning: You are sending unauthenticated requests to the HF Hub. Please set a HF_TOKEN to enable higher rate limits and faster downloads.
Warning: You are sending unauthenticated requests to the HF Hub. Please set a HF_TOKEN to enable higher rate limits and faster downloads.
Warning: You are sending unauthenticated requests to the HF Hub. Please set a HF_TOKEN to enable higher rate limits and faster downloads.
Warning: You are sending unauthenticated requests to the HF Hub. Please set a HF_TOKEN to enable higher rate limits and faster downloads.
Warning: You are sending unauthenticated requests to the HF Hub. Please set a HF_TOKEN to enable higher rate limits and faster downloads.
sample/10BT/002_00000.parquet: 727,000 documents, 2,247,272,613 tokens so far (611 s)
downloading sample/10BT/003_00000.parquet ...
  734,000 documents in 734 row groups; tokenising with 8 workers (615 s)
Warning: You are sending unauthenticated requests to the HF Hub. Please set a HF_TOKEN to enable higher rate limits and faster downloads.
Warning: You are sending unauthenticated requests to the HF Hub. Please set a HF_TOKEN to enable higher rate limits and faster downloads.
Warning: You are sending unauthenticated requests to the HF Hub. Please set a HF_TOKEN to enable higher rate limits and faster downloads.
Warning: You are sending unauthenticated requests to the HF Hub. Please set a HF_TOKEN to enable higher rate limits and faster downloads.
Warning: You are sending unauthenticated requests to the HF Hub. Please set a HF_TOKEN to enable higher rate limits and faster downloads.
Warning: You are sending unauthenticated requests to the HF Hub. Please set a HF_TOKEN to enable higher rate limits and faster downloads.
Warning: You are sending unauthenticated requests to the HF Hub. Please set a HF_TOKEN to enable higher rate limits and faster downloads.
Warning: You are sending unauthenticated requests to the HF Hub. Please set a HF_TOKEN to enable higher rate limits and faster downloads.
sample/10BT/003_00000.parquet: 734,000 documents, 2,994,704,179 tokens so far (811 s)
downloading sample/10BT/004_00000.parquet ...
  745,000 documents in 745 row groups; tokenising with 8 workers (816 s)
Warning: You are sending unauthenticated requests to the HF Hub. Please set a HF_TOKEN to enable higher rate limits and faster downloads.
Warning: You are sending unauthenticated requests to the HF Hub. Please set a HF_TOKEN to enable higher rate limits and faster downloads.
Warning: You are sending unauthenticated requests to the HF Hub. Please set a HF_TOKEN to enable higher rate limits and faster downloads.
Warning: You are sending unauthenticated requests to the HF Hub. Please set a HF_TOKEN to enable higher rate limits and faster downloads.
Warning: You are sending unauthenticated requests to the HF Hub. Please set a HF_TOKEN to enable higher rate limits and faster downloads.
Warning: You are sending unauthenticated requests to the HF Hub. Please set a HF_TOKEN to enable higher rate limits and faster downloads.
Warning: You are sending unauthenticated requests to the HF Hub. Please set a HF_TOKEN to enable higher rate limits and faster downloads.
Warning: You are sending unauthenticated requests to the HF Hub. Please set a HF_TOKEN to enable higher rate limits and faster downloads.
sample/10BT/004_00000.parquet: 745,000 documents, 3,740,957,189 tokens so far (1018 s)
downloading sample/10BT/005_00000.parquet ...
  738,000 documents in 738 row groups; tokenising with 8 workers (1023 s)
Warning: You are sending unauthenticated requests to the HF Hub. Please set a HF_TOKEN to enable higher rate limits and faster downloads.
Warning: You are sending unauthenticated requests to the HF Hub. Please set a HF_TOKEN to enable higher rate limits and faster downloads.
Warning: You are sending unauthenticated requests to the HF Hub. Please set a HF_TOKEN to enable higher rate limits and faster downloads.
Warning: You are sending unauthenticated requests to the HF Hub. Please set a HF_TOKEN to enable higher rate limits and faster downloads.
Warning: You are sending unauthenticated requests to the HF Hub. Please set a HF_TOKEN to enable higher rate limits and faster downloads.
Warning: You are sending unauthenticated requests to the HF Hub. Please set a HF_TOKEN to enable higher rate limits and faster downloads.
Warning: You are sending unauthenticated requests to the HF Hub. Please set a HF_TOKEN to enable higher rate limits and faster downloads.
Warning: You are sending unauthenticated requests to the HF Hub. Please set a HF_TOKEN to enable higher rate limits and faster downloads.
sample/10BT/005_00000.parquet: 738,000 documents, 4,489,030,586 tokens so far (1228 s)
downloading sample/10BT/006_00000.parquet ...
  732,000 documents in 732 row groups; tokenising with 8 workers (1234 s)
Warning: You are sending unauthenticated requests to the HF Hub. Please set a HF_TOKEN to enable higher rate limits and faster downloads.
Warning: You are sending unauthenticated requests to the HF Hub. Please set a HF_TOKEN to enable higher rate limits and faster downloads.
Warning: You are sending unauthenticated requests to the HF Hub. Please set a HF_TOKEN to enable higher rate limits and faster downloads.
Warning: You are sending unauthenticated requests to the HF Hub. Please set a HF_TOKEN to enable higher rate limits and faster downloads.
Warning: You are sending unauthenticated requests to the HF Hub. Please set a HF_TOKEN to enable higher rate limits and faster downloads.
Warning: You are sending unauthenticated requests to the HF Hub. Please set a HF_TOKEN to enable higher rate limits and faster downloads.
Warning: You are sending unauthenticated requests to the HF Hub. Please set a HF_TOKEN to enable higher rate limits and faster downloads.
Warning: You are sending unauthenticated requests to the HF Hub. Please set a HF_TOKEN to enable higher rate limits and faster downloads.
sample/10BT/006_00000.parquet: 732,000 documents, 5,238,908,235 tokens so far (1431 s)
downloading sample/10BT/007_00000.parquet ...
  725,000 documents in 725 row groups; tokenising with 8 workers (1436 s)
Warning: You are sending unauthenticated requests to the HF Hub. Please set a HF_TOKEN to enable higher rate limits and faster downloads.
Warning: You are sending unauthenticated requests to the HF Hub. Please set a HF_TOKEN to enable higher rate limits and faster downloads.
Warning: You are sending unauthenticated requests to the HF Hub. Please set a HF_TOKEN to enable higher rate limits and faster downloads.
Warning: You are sending unauthenticated requests to the HF Hub. Please set a HF_TOKEN to enable higher rate limits and faster downloads.
Warning: You are sending unauthenticated requests to the HF Hub. Please set a HF_TOKEN to enable higher rate limits and faster downloads.
Warning: You are sending unauthenticated requests to the HF Hub. Please set a HF_TOKEN to enable higher rate limits and faster downloads.
Warning: You are sending unauthenticated requests to the HF Hub. Please set a HF_TOKEN to enable higher rate limits and faster downloads.
Warning: You are sending unauthenticated requests to the HF Hub. Please set a HF_TOKEN to enable higher rate limits and faster downloads.
sample/10BT/007_00000.parquet: 725,000 documents, 5,988,270,963 tokens so far (1638 s)
downloading sample/10BT/008_00000.parquet ...
  724,000 documents in 724 row groups; tokenising with 8 workers (1642 s)
Warning: You are sending unauthenticated requests to the HF Hub. Please set a HF_TOKEN to enable higher rate limits and faster downloads.
Warning: You are sending unauthenticated requests to the HF Hub. Please set a HF_TOKEN to enable higher rate limits and faster downloads.
Warning: You are sending unauthenticated requests to the HF Hub. Please set a HF_TOKEN to enable higher rate limits and faster downloads.
Warning: You are sending unauthenticated requests to the HF Hub. Please set a HF_TOKEN to enable higher rate limits and faster downloads.
Warning: You are sending unauthenticated requests to the HF Hub. Please set a HF_TOKEN to enable higher rate limits and faster downloads.
Warning: You are sending unauthenticated requests to the HF Hub. Please set a HF_TOKEN to enable higher rate limits and faster downloads.
Warning: You are sending unauthenticated requests to the HF Hub. Please set a HF_TOKEN to enable higher rate limits and faster downloads.
Warning: You are sending unauthenticated requests to the HF Hub. Please set a HF_TOKEN to enable higher rate limits and faster downloads.
sample/10BT/008_00000.parquet: 724,000 documents, 6,736,995,731 tokens so far (1846 s)
downloading sample/10BT/009_00000.parquet ...
  713,000 documents in 713 row groups; tokenising with 8 workers (1856 s)
Warning: You are sending unauthenticated requests to the HF Hub. Please set a HF_TOKEN to enable higher rate limits and faster downloads.
Warning: You are sending unauthenticated requests to the HF Hub. Please set a HF_TOKEN to enable higher rate limits and faster downloads.
Warning: You are sending unauthenticated requests to the HF Hub. Please set a HF_TOKEN to enable higher rate limits and faster downloads.
Warning: You are sending unauthenticated requests to the HF Hub. Please set a HF_TOKEN to enable higher rate limits and faster downloads.
Warning: You are sending unauthenticated requests to the HF Hub. Please set a HF_TOKEN to enable higher rate limits and faster downloads.
Warning: You are sending unauthenticated requests to the HF Hub. Please set a HF_TOKEN to enable higher rate limits and faster downloads.
Warning: You are sending unauthenticated requests to the HF Hub. Please set a HF_TOKEN to enable higher rate limits and faster downloads.
Warning: You are sending unauthenticated requests to the HF Hub. Please set a HF_TOKEN to enable higher rate limits and faster downloads.
sample/10BT/009_00000.parquet: 713,000 documents, 7,487,578,159 tokens so far (2059 s)
train 7,485,578,159 tokens, val 2,000,000 (2068 s)
+ for i in 1 2
+ '[' -f /root/kd_data/meta.json ']'
+ cat /root/kd_data/meta.json
{
 "tokenizer": "answerdotai/ModernBERT-large",
 "source": "HuggingFaceFW/fineweb-edu sample/10BT/000_00000.parquet sample/10BT/001_00000.parquet sample/10BT/002_00000.parquet sample/10BT/003_00000.parquet sample/10BT/004_00000.parquet sample/10BT/005_00000.parquet sample/10BT/006_00000.parquet sample/10BT/007_00000.parquet sample/10BT/008_00000.parquet sample/10BT/009_00000.parquet",
 "train_tokens": 7485578159,
 "val_tokens": 2000000,
 "vocab_size": 50368,
 "special": {
  "[UNK]": 50280,
  "[CLS]": 50281,
  "[SEP]": 50282,
  "[PAD]": 50283,
  "[MASK]": 50284
 },
 "random_range": [
  1000,
  50254
 ]
}+ python3 scripts/bert_pretrain.py train --data /root/kd_data --out /workspace/kd110/run --minutes 960 --teacher answerdotai/ModernBERT-base --init-embeddings --mask-prob 0.3 --lr 1.5e-3 --warmup 2000 --ckpt-minutes 30
+ tee -a /workspace/kd110/run/train.log
Warning: You are sending unauthenticated requests to the HF Hub. Please set a HF_TOKEN to enable higher rate limits and faster downloads.
Loading weights:   0%|          | 0/137 [00:00<?, ?it/s]Loading weights: 100%|██████████| 137/137 [00:00<00:00, 6162.47it/s]
token embeddings from answerdotai/ModernBERT-base (50368, 768)
teacher answerdotai/ModernBERT-base: val loss 1.2509  masked acc 0.7348; distilling with alpha 0.75, temperature 2.0
GTS masked LM: 128.2M parameters; HuggingFaceFW/fineweb-edu sample/10BT/000_00000.parquet sample/10BT/001_00000.parquet sample/10BT/002_00000.parquet sample/10BT/003_00000.parquet sample/10BT/004_00000.parquet sample/10BT/005_00000.parquet sample/10BT/006_00000.parquet sample/10BT/007_00000.parquet sample/10BT/008_00000.parquet sample/10BT/009_00000.parquet, 7,485,578,159 training tokens
  step    100  loss 10.6609  (kl 11.5857  ce 7.8866)  lr 7.57e-05  1.1 min
  2.79 steps/s = 91,288 tokens/s; schedule fitted to 158658 steps, 158658 in this phase (5.20B tokens)
  step    200  loss 8.8660  (kl 9.4782  ce 7.0293)  lr 1.51e-04  1.7 min
  step    300  loss 7.9927  (kl 8.5073  ce 6.4490)  lr 2.26e-04  2.3 min
  step    400  loss 7.3845  (kl 7.8146  ce 6.0941)  lr 3.01e-04  2.9 min
  step    500  loss 7.0170  (kl 7.3616  ce 5.9833)  lr 3.76e-04  3.5 min
  step    600  loss 6.5287  (kl 6.8290  ce 5.6277)  lr 4.51e-04  4.1 min
  step    700  loss 6.3312  (kl 6.6116  ce 5.4899)  lr 5.26e-04  4.7 min
  step    800  loss 6.0814  (kl 6.3096  ce 5.3968)  lr 6.01e-04  5.3 min
  step    900  loss 5.8240  (kl 6.0350  ce 5.1911)  lr 6.76e-04  5.9 min
  step   1000  loss 5.7331  (kl 5.9534  ce 5.0723)  lr 7.51e-04  6.5 min
step   1000  tokens     32.8M  val loss 4.9532  masked acc 0.3039  train 7.2420     6.6 min
  step   1100  loss 5.6381  (kl 5.8479  ce 5.0088)  lr 8.26e-04  7.2 min
  step   1200  loss 5.5734  (kl 5.7925  ce 4.9164)  lr 9.01e-04  7.8 min
  step   1300  loss 5.4031  (kl 5.5618  ce 4.9268)  lr 9.76e-04  8.4 min
  step   1400  loss 5.0530  (kl 5.1600  ce 4.7321)  lr 1.05e-03  8.9 min
  step   1500  loss 5.2243  (kl 5.3702  ce 4.7868)  lr 1.13e-03  9.5 min
  step   1600  loss 5.0698  (kl 5.1742  ce 4.7566)  lr 1.20e-03  10.1 min
  step   1700  loss 5.2534  (kl 5.4179  ce 4.7602)  lr 1.28e-03  10.7 min
  step   1800  loss 5.0059  (kl 5.1341  ce 4.6213)  lr 1.35e-03  11.3 min
  step   1900  loss 4.9490  (kl 5.0619  ce 4.6105)  lr 1.43e-03  11.9 min
  step   2000  loss 5.0783  (kl 5.2540  ce 4.5513)  lr 1.50e-03  12.5 min
step   2000  tokens     65.5M  val loss 4.3440  masked acc 0.3474  train 5.2249    12.6 min
  step   2100  loss 4.6252  (kl 4.6351  ce 4.5954)  lr 1.50e-03  13.2 min
  step   2200  loss 4.9270  (kl 5.0052  ce 4.6926)  lr 1.50e-03  13.8 min
  step   2300  loss 4.8073  (kl 4.9177  ce 4.4758)  lr 1.50e-03  14.4 min
  step   2400  loss 4.6039  (kl 4.6306  ce 4.5241)  lr 1.50e-03  15.0 min
  step   2500  loss 4.5691  (kl 4.6292  ce 4.3889)  lr 1.50e-03  15.6 min
  step   2600  loss 4.5693  (kl 4.6189  ce 4.4206)  lr 1.50e-03  16.2 min
  step   2700  loss 4.5898  (kl 4.6658  ce 4.3616)  lr 1.50e-03  16.8 min
  step   2800  loss 4.5047  (kl 4.5472  ce 4.3773)  lr 1.50e-03  17.4 min
  step   2900  loss 4.5422  (kl 4.6122  ce 4.3322)  lr 1.50e-03  18.0 min
  step   3000  loss 4.3298  (kl 4.3268  ce 4.3388)  lr 1.50e-03  18.6 min
step   3000  tokens     98.3M  val loss 3.9614  masked acc 0.3789  train 4.6068    18.6 min
  step   3100  loss 4.3570  (kl 4.3718  ce 4.3126)  lr 1.50e-03  19.2 min
  step   3200  loss 4.3645  (kl 4.3732  ce 4.3385)  lr 1.50e-03  19.8 min
  step   3300  loss 4.2733  (kl 4.2764  ce 4.2641)  lr 1.50e-03  20.4 min
  step   3400  loss 4.1231  (kl 4.1320  ce 4.0965)  lr 1.50e-03  21.0 min
  step   3500  loss 4.2457  (kl 4.2612  ce 4.1990)  lr 1.50e-03  21.6 min
  step   3600  loss 4.1065  (kl 4.0635  ce 4.2356)  lr 1.50e-03  22.2 min
  step   3700  loss 4.2073  (kl 4.2358  ce 4.1217)  lr 1.50e-03  22.8 min
  step   3800  loss 4.0926  (kl 4.1122  ce 4.0339)  lr 1.50e-03  23.4 min
  step   3900  loss 4.2112  (kl 4.2538  ce 4.0833)  lr 1.50e-03  24.0 min
  step   4000  loss 4.2094  (kl 4.2378  ce 4.1242)  lr 1.50e-03  24.6 min
step   4000  tokens    131.1M  val loss 3.7927  masked acc 0.3987  train 4.2191    24.6 min
  step   4100  loss 4.1827  (kl 4.1826  ce 4.1831)  lr 1.50e-03  25.2 min
  step   4200  loss 4.1942  (kl 4.2197  ce 4.1175)  lr 1.50e-03  25.8 min
  step   4300  loss 4.0963  (kl 4.0926  ce 4.1074)  lr 1.50e-03  26.4 min
  step   4400  loss 4.1133  (kl 4.1422  ce 4.0266)  lr 1.50e-03  27.0 min
  step   4500  loss 4.0761  (kl 4.0742  ce 4.0818)  lr 1.50e-03  27.6 min
  step   4600  loss 4.0475  (kl 4.0837  ce 3.9390)  lr 1.50e-03  28.2 min
  step   4700  loss 4.1507  (kl 4.2181  ce 3.9485)  lr 1.50e-03  28.8 min
  step   4800  loss 3.9111  (kl 3.8922  ce 3.9680)  lr 1.50e-03  29.4 min
  step   4900  loss 3.8050  (kl 3.8004  ce 3.8191)  lr 1.50e-03  30.0 min
  checkpoint at step 4920
  step   5000  loss 4.0300  (kl 4.0380  ce 4.0060)  lr 1.50e-03  30.7 min
step   5000  tokens    163.8M  val loss 3.6715  masked acc 0.4108  train 4.0607    30.7 min
  step   5100  loss 3.8372  (kl 3.7788  ce 4.0125)  lr 1.50e-03  31.3 min
  step   5200  loss 3.9232  (kl 3.8793  ce 4.0549)  lr 1.50e-03  31.9 min
  step   5300  loss 3.9547  (kl 3.9475  ce 3.9762)  lr 1.50e-03  32.5 min
  step   5400  loss 3.8114  (kl 3.7919  ce 3.8701)  lr 1.50e-03  33.1 min
  step   5500  loss 3.7711  (kl 3.7441  ce 3.8520)  lr 1.50e-03  33.7 min
  step   5600  loss 3.8411  (kl 3.8041  ce 3.9520)  lr 1.50e-03  34.3 min
  step   5700  loss 3.9081  (kl 3.8536  ce 4.0717)  lr 1.50e-03  34.9 min
  step   5800  loss 3.8712  (kl 3.8545  ce 3.9211)  lr 1.50e-03  35.5 min
  step   5900  loss 3.8892  (kl 3.9013  ce 3.8526)  lr 1.50e-03  36.1 min
  step   6000  loss 3.8387  (kl 3.8621  ce 3.7686)  lr 1.50e-03  36.7 min
step   6000  tokens    196.6M  val loss 3.5669  masked acc 0.4210  train 3.8646    36.8 min
  step   6100  loss 3.8251  (kl 3.7942  ce 3.9177)  lr 1.50e-03  37.3 min
  step   6200  loss 3.8559  (kl 3.8296  ce 3.9346)  lr 1.50e-03  37.9 min
  step   6300  loss 3.8171  (kl 3.7997  ce 3.8693)  lr 1.50e-03  38.5 min
  step   6400  loss 3.8448  (kl 3.8861  ce 3.7209)  lr 1.50e-03  39.1 min
  step   6500  loss 3.7333  (kl 3.7404  ce 3.7123)  lr 1.50e-03  39.7 min
  step   6600  loss 3.8223  (kl 3.8107  ce 3.8572)  lr 1.50e-03  40.3 min
  step   6700  loss 3.8180  (kl 3.8216  ce 3.8072)  lr 1.50e-03  40.9 min
  step   6800  loss 3.7535  (kl 3.7100  ce 3.8838)  lr 1.50e-03  41.5 min
  step   6900  loss 3.8241  (kl 3.8105  ce 3.8649)  lr 1.50e-03  42.1 min
  step   7000  loss 3.7817  (kl 3.7803  ce 3.7859)  lr 1.50e-03  42.7 min
step   7000  tokens    229.4M  val loss 3.5000  masked acc 0.4282  train 3.8076    42.8 min
  step   7100  loss 3.7092  (kl 3.6801  ce 3.7964)  lr 1.50e-03  43.4 min
  step   7200  loss 3.7637  (kl 3.7330  ce 3.8558)  lr 1.50e-03  44.0 min
  step   7300  loss 3.7088  (kl 3.6534  ce 3.8750)  lr 1.50e-03  44.6 min
  step   7400  loss 3.7726  (kl 3.7313  ce 3.8965)  lr 1.50e-03  45.2 min
  step   7500  loss 3.9264  (kl 3.9462  ce 3.8671)  lr 1.50e-03  45.8 min
  step   7600  loss 3.8716  (kl 3.8747  ce 3.8624)  lr 1.50e-03  46.4 min
  step   7700  loss 3.8953  (kl 3.9327  ce 3.7831)  lr 1.50e-03  47.0 min
  step   7800  loss 3.5987  (kl 3.5338  ce 3.7936)  lr 1.50e-03  47.6 min
  step   7900  loss 3.7345  (kl 3.7169  ce 3.7871)  lr 1.50e-03  48.2 min
  step   8000  loss 3.6400  (kl 3.5981  ce 3.7657)  lr 1.50e-03  48.8 min
step   8000  tokens    262.1M  val loss 3.4464  masked acc 0.4323  train 3.7621    48.8 min
  step   8100  loss 3.8178  (kl 3.7954  ce 3.8848)  lr 1.49e-03  49.4 min
  step   8200  loss 3.6724  (kl 3.6351  ce 3.7843)  lr 1.49e-03  50.0 min
  step   8300  loss 3.6240  (kl 3.5543  ce 3.8332)  lr 1.49e-03  50.6 min
  step   8400  loss 3.5672  (kl 3.4804  ce 3.8274)  lr 1.49e-03  51.2 min
  step   8500  loss 3.7363  (kl 3.7275  ce 3.7626)  lr 1.49e-03  51.8 min
  step   8600  loss 3.7654  (kl 3.7400  ce 3.8417)  lr 1.49e-03  52.4 min
  step   8700  loss 3.7096  (kl 3.6711  ce 3.8251)  lr 1.49e-03  53.0 min
  step   8800  loss 3.6196  (kl 3.5797  ce 3.7391)  lr 1.49e-03  53.6 min
  step   8900  loss 3.6909  (kl 3.7008  ce 3.6613)  lr 1.49e-03  54.2 min
  step   9000  loss 3.7170  (kl 3.6754  ce 3.8419)  lr 1.49e-03  54.8 min
step   9000  tokens    294.9M  val loss 3.4016  masked acc 0.4361  train 3.6920    54.8 min
  step   9100  loss 3.6098  (kl 3.5598  ce 3.7597)  lr 1.49e-03  55.4 min
  step   9200  loss 3.7327  (kl 3.7286  ce 3.7450)  lr 1.49e-03  56.0 min
  step   9300  loss 3.6490  (kl 3.6328  ce 3.6976)  lr 1.49e-03  56.6 min
  step   9400  loss 3.7380  (kl 3.7365  ce 3.7425)  lr 1.49e-03  57.2 min
  step   9500  loss 3.6143  (kl 3.5640  ce 3.7652)  lr 1.49e-03  57.8 min
  step   9600  loss 3.6868  (kl 3.6341  ce 3.8448)  lr 1.49e-03  58.4 min
  step   9700  loss 3.7514  (kl 3.7328  ce 3.8071)  lr 1.49e-03  59.0 min
  step   9800  loss 3.5395  (kl 3.4897  ce 3.6887)  lr 1.49e-03  59.6 min
  checkpoint at step 9894
  step   9900  loss 3.6210  (kl 3.6155  ce 3.6374)  lr 1.49e-03  60.3 min
  step  10000  loss 3.7196  (kl 3.7140  ce 3.7364)  lr 1.49e-03  60.9 min
step  10000  tokens    327.7M  val loss 3.3702  masked acc 0.4407  train 3.6662    60.9 min
  step  10100  loss 3.6159  (kl 3.5689  ce 3.7569)  lr 1.49e-03  61.5 min
  step  10200  loss 3.5648  (kl 3.5660  ce 3.5610)  lr 1.49e-03  62.1 min
  step  10300  loss 3.4907  (kl 3.4200  ce 3.7030)  lr 1.49e-03  62.7 min
  step  10400  loss 3.7854  (kl 3.7706  ce 3.8299)  lr 1.49e-03  63.3 min
  step  10500  loss 3.5460  (kl 3.5026  ce 3.6763)  lr 1.49e-03  63.9 min
  step  10600  loss 3.5650  (kl 3.5083  ce 3.7349)  lr 1.49e-03  64.5 min
  step  10700  loss 3.4903  (kl 3.4303  ce 3.6705)  lr 1.49e-03  65.1 min
  step  10800  loss 3.5770  (kl 3.5341  ce 3.7060)  lr 1.49e-03  65.7 min
  step  10900  loss 3.5796  (kl 3.5398  ce 3.6989)  lr 1.49e-03  66.3 min
  step  11000  loss 3.6127  (kl 3.5908  ce 3.6783)  lr 1.49e-03  66.9 min
step  11000  tokens    360.4M  val loss 3.3345  masked acc 0.4462  train 3.5827    66.9 min
  step  11100  loss 3.5259  (kl 3.4927  ce 3.6257)  lr 1.49e-03  67.5 min
  step  11200  loss 3.5957  (kl 3.5729  ce 3.6641)  lr 1.49e-03  68.1 min
  step  11300  loss 3.4975  (kl 3.4781  ce 3.5555)  lr 1.49e-03  68.7 min
  step  11400  loss 3.6525  (kl 3.6352  ce 3.7043)  lr 1.49e-03  69.3 min
  step  11500  loss 3.5641  (kl 3.5282  ce 3.6719)  lr 1.49e-03  69.9 min
  step  11600  loss 3.5731  (kl 3.5656  ce 3.5957)  lr 1.49e-03  70.5 min
  step  11700  loss 3.6599  (kl 3.6183  ce 3.7846)  lr 1.49e-03  71.1 min
  step  11800  loss 3.4474  (kl 3.3009  ce 3.8869)  lr 1.49e-03  71.7 min
  step  11900  loss 3.6149  (kl 3.6152  ce 3.6139)  lr 1.49e-03  72.3 min
  step  12000  loss 3.4851  (kl 3.4244  ce 3.6669)  lr 1.49e-03  72.9 min
step  12000  tokens    393.2M  val loss 3.3446  masked acc 0.4463  train 3.5616    73.0 min
  step  12100  loss 3.5778  (kl 3.5413  ce 3.6870)  lr 1.49e-03  73.6 min
  step  12200  loss 3.6039  (kl 3.5635  ce 3.7252)  lr 1.49e-03  74.2 min
  step  12300  loss 3.5361  (kl 3.5016  ce 3.6396)  lr 1.49e-03  74.8 min
  step  12400  loss 3.4995  (kl 3.4453  ce 3.6620)  lr 1.49e-03  75.3 min
  step  12500  loss 3.5102  (kl 3.4444  ce 3.7074)  lr 1.49e-03  75.9 min
  step  12600  loss 3.5492  (kl 3.4691  ce 3.7896)  lr 1.48e-03  76.5 min
  step  12700  loss 3.4588  (kl 3.3779  ce 3.7015)  lr 1.48e-03  77.1 min
  step  12800  loss 3.5241  (kl 3.4840  ce 3.6442)  lr 1.48e-03  77.7 min
  step  12900  loss 3.4591  (kl 3.4196  ce 3.5778)  lr 1.48e-03  78.3 min
  step  13000  loss 3.4662  (kl 3.4171  ce 3.6134)  lr 1.48e-03  78.9 min
step  13000  tokens    426.0M  val loss 3.2928  masked acc 0.4470  train 3.5185    79.0 min
  step  13100  loss 3.4482  (kl 3.4018  ce 3.5873)  lr 1.48e-03  79.6 min
  step  13200  loss 3.4123  (kl 3.3514  ce 3.5948)  lr 1.48e-03  80.2 min
  step  13300  loss 3.5932  (kl 3.5396  ce 3.7539)  lr 1.48e-03  80.8 min
  step  13400  loss 3.6014  (kl 3.5832  ce 3.6563)  lr 1.48e-03  81.4 min
  step  13500  loss 3.5564  (kl 3.5302  ce 3.6349)  lr 1.48e-03  82.0 min
  step  13600  loss 3.5306  (kl 3.4936  ce 3.6416)  lr 1.48e-03  82.6 min
  step  13700  loss 3.5003  (kl 3.4409  ce 3.6785)  lr 1.48e-03  83.2 min
  step  13800  loss 3.5186  (kl 3.4637  ce 3.6835)  lr 1.48e-03  83.8 min
  step  13900  loss 3.5216  (kl 3.4420  ce 3.7603)  lr 1.48e-03  84.4 min
  step  14000  loss 3.5554  (kl 3.5048  ce 3.7072)  lr 1.48e-03  85.0 min
step  14000  tokens    458.8M  val loss 3.2579  masked acc 0.4535  train 3.5238    85.0 min
  step  14100  loss 3.3626  (kl 3.3078  ce 3.5270)  lr 1.48e-03  85.6 min
  step  14200  loss 3.4292  (kl 3.3509  ce 3.6641)  lr 1.48e-03  86.2 min
  step  14300  loss 3.3798  (kl 3.3216  ce 3.5543)  lr 1.48e-03  86.8 min
  step  14400  loss 3.4749  (kl 3.4310  ce 3.6065)  lr 1.48e-03  87.4 min
  step  14500  loss 3.3946  (kl 3.3409  ce 3.5558)  lr 1.48e-03  88.0 min
  step  14600  loss 3.3829  (kl 3.3095  ce 3.6031)  lr 1.48e-03  88.6 min
  step  14700  loss 3.3327  (kl 3.2379  ce 3.6171)  lr 1.48e-03  89.2 min
  step  14800  loss 3.4434  (kl 3.3898  ce 3.6042)  lr 1.48e-03  89.8 min
  checkpoint at step 14875
  step  14900  loss 3.4905  (kl 3.4359  ce 3.6543)  lr 1.48e-03  90.4 min
  step  15000  loss 3.5018  (kl 3.4759  ce 3.5795)  lr 1.48e-03  91.0 min
step  15000  tokens    491.5M  val loss 3.2478  masked acc 0.4534  train 3.4192    91.1 min
  step  15100  loss 3.4934  (kl 3.4750  ce 3.5485)  lr 1.48e-03  91.7 min
  step  15200  loss 3.3999  (kl 3.3640  ce 3.5074)  lr 1.48e-03  92.3 min
  step  15300  loss 3.4505  (kl 3.4148  ce 3.5576)  lr 1.48e-03  92.9 min
  step  15400  loss 3.4213  (kl 3.3655  ce 3.5887)  lr 1.48e-03  93.5 min
  step  15500  loss 3.3756  (kl 3.3228  ce 3.5342)  lr 1.48e-03  94.1 min
  step  15600  loss 3.4479  (kl 3.3765  ce 3.6620)  lr 1.48e-03  94.7 min
  step  15700  loss 3.4030  (kl 3.3398  ce 3.5926)  lr 1.47e-03  95.3 min
  step  15800  loss 3.3233  (kl 3.2365  ce 3.5839)  lr 1.47e-03  95.8 min
  step  15900  loss 3.4468  (kl 3.3729  ce 3.6686)  lr 1.47e-03  96.4 min
  step  16000  loss 3.5137  (kl 3.4880  ce 3.5910)  lr 1.47e-03  97.0 min
step  16000  tokens    524.3M  val loss 3.2499  masked acc 0.4567  train 3.4275    97.1 min
  step  16100  loss 3.5062  (kl 3.4297  ce 3.7359)  lr 1.47e-03  97.7 min
  step  16200  loss 3.4708  (kl 3.3987  ce 3.6870)  lr 1.47e-03  98.3 min
  step  16300  loss 3.3983  (kl 3.3398  ce 3.5735)  lr 1.47e-03  98.9 min
  step  16400  loss 3.4861  (kl 3.3999  ce 3.7446)  lr 1.47e-03  99.5 min
  step  16500  loss 3.4610  (kl 3.4137  ce 3.6031)  lr 1.47e-03  100.1 min
  step  16600  loss 3.4070  (kl 3.3203  ce 3.6670)  lr 1.47e-03  100.7 min
  step  16700  loss 3.3474  (kl 3.2680  ce 3.5853)  lr 1.47e-03  101.3 min
  step  16800  loss 3.3795  (kl 3.3088  ce 3.5916)  lr 1.47e-03  101.9 min
  step  16900  loss 3.3750  (kl 3.2935  ce 3.6194)  lr 1.47e-03  102.5 min
  step  17000  loss 3.4030  (kl 3.3140  ce 3.6701)  lr 1.47e-03  103.1 min
step  17000  tokens    557.1M  val loss 3.2016  masked acc 0.4570  train 3.4234   103.1 min
  step  17100  loss 3.3980  (kl 3.3195  ce 3.6332)  lr 1.47e-03  103.7 min
  step  17200  loss 3.4089  (kl 3.3219  ce 3.6696)  lr 1.47e-03  104.3 min
  step  17300  loss 3.4055  (kl 3.3434  ce 3.5916)  lr 1.47e-03  104.9 min
  step  17400  loss 3.4134  (kl 3.3641  ce 3.5610)  lr 1.47e-03  105.5 min
  step  17500  loss 3.4082  (kl 3.3047  ce 3.7184)  lr 1.47e-03  106.1 min
  step  17600  loss 3.4355  (kl 3.3869  ce 3.5813)  lr 1.47e-03  106.7 min
  step  17700  loss 3.4167  (kl 3.3483  ce 3.6218)  lr 1.47e-03  107.3 min
  step  17800  loss 3.4663  (kl 3.3912  ce 3.6914)  lr 1.47e-03  107.9 min
  step  17900  loss 3.3755  (kl 3.3116  ce 3.5672)  lr 1.47e-03  108.5 min
  step  18000  loss 3.3673  (kl 3.2871  ce 3.6077)  lr 1.47e-03  109.1 min
step  18000  tokens    589.8M  val loss 3.1953  masked acc 0.4593  train 3.4095   109.1 min
  step  18100  loss 3.3988  (kl 3.3665  ce 3.4959)  lr 1.47e-03  109.7 min
  step  18200  loss 3.3983  (kl 3.3115  ce 3.6590)  lr 1.46e-03  110.3 min
  step  18300  loss 3.3776  (kl 3.3152  ce 3.5645)  lr 1.46e-03  110.9 min
  step  18400  loss 3.3388  (kl 3.2308  ce 3.6627)  lr 1.46e-03  111.5 min
  step  18500  loss 3.4654  (kl 3.4267  ce 3.5815)  lr 1.46e-03  112.1 min
  step  18600  loss 3.3705  (kl 3.3058  ce 3.5644)  lr 1.46e-03  112.7 min
  step  18700  loss 3.4570  (kl 3.4117  ce 3.5930)  lr 1.46e-03  113.3 min
  step  18800  loss 3.3212  (kl 3.2628  ce 3.4962)  lr 1.46e-03  113.9 min
  step  18900  loss 3.3542  (kl 3.2667  ce 3.6165)  lr 1.46e-03  114.5 min
  step  19000  loss 3.3775  (kl 3.3328  ce 3.5113)  lr 1.46e-03  115.1 min
step  19000  tokens    622.6M  val loss 3.1681  masked acc 0.4608  train 3.3859   115.1 min
  step  19100  loss 3.4870  (kl 3.4288  ce 3.6616)  lr 1.46e-03  115.7 min
  step  19200  loss 3.2837  (kl 3.1786  ce 3.5989)  lr 1.46e-03  116.3 min
  step  19300  loss 3.3413  (kl 3.2845  ce 3.5116)  lr 1.46e-03  116.9 min
  step  19400  loss 3.3497  (kl 3.2562  ce 3.6304)  lr 1.46e-03  117.5 min
  step  19500  loss 3.3486  (kl 3.2784  ce 3.5592)  lr 1.46e-03  118.1 min
  step  19600  loss 3.2770  (kl 3.2148  ce 3.4637)  lr 1.46e-03  118.7 min
  step  19700  loss 3.3740  (kl 3.3038  ce 3.5848)  lr 1.46e-03  119.3 min
  step  19800  loss 3.4431  (kl 3.3829  ce 3.6234)  lr 1.46e-03  119.9 min
  checkpoint at step 19860
  step  19900  loss 3.3221  (kl 3.2608  ce 3.5059)  lr 1.46e-03  120.6 min
  step  20000  loss 3.4041  (kl 3.3423  ce 3.5895)  lr 1.46e-03  121.2 min
step  20000  tokens    655.4M  val loss 3.1701  masked acc 0.4624  train 3.3631   121.2 min
  step  20100  loss 3.2637  (kl 3.2137  ce 3.4135)  lr 1.46e-03  121.8 min
  step  20200  loss 3.4072  (kl 3.3426  ce 3.6010)  lr 1.46e-03  122.4 min
  step  20300  loss 3.3788  (kl 3.3006  ce 3.6135)  lr 1.46e-03  123.0 min
  step  20400  loss 3.4667  (kl 3.4784  ce 3.4314)  lr 1.45e-03  123.6 min
  step  20500  loss 3.3878  (kl 3.3453  ce 3.5155)  lr 1.45e-03  124.2 min
  step  20600  loss 3.3613  (kl 3.2694  ce 3.6370)  lr 1.45e-03  124.8 min
  step  20700  loss 3.2904  (kl 3.2125  ce 3.5244)  lr 1.45e-03  125.4 min
  step  20800  loss 3.3669  (kl 3.3027  ce 3.5596)  lr 1.45e-03  126.0 min
  step  20900  loss 3.3211  (kl 3.2277  ce 3.6014)  lr 1.45e-03  126.6 min
  step  21000  loss 3.2977  (kl 3.2039  ce 3.5793)  lr 1.45e-03  127.2 min
step  21000  tokens    688.1M  val loss 3.1737  masked acc 0.4619  train 3.3542   127.2 min
  step  21100  loss 3.2698  (kl 3.1961  ce 3.4911)  lr 1.45e-03  127.8 min
  step  21200  loss 3.3662  (kl 3.3138  ce 3.5236)  lr 1.45e-03  128.4 min
  step  21300  loss 3.3328  (kl 3.2549  ce 3.5666)  lr 1.45e-03  129.0 min
  step  21400  loss 3.2453  (kl 3.1551  ce 3.5159)  lr 1.45e-03  129.6 min
  step  21500  loss 3.4170  (kl 3.3553  ce 3.6019)  lr 1.45e-03  130.2 min
  step  21600  loss 3.4001  (kl 3.3269  ce 3.6198)  lr 1.45e-03  130.8 min
  step  21700  loss 3.3896  (kl 3.3262  ce 3.5798)  lr 1.45e-03  131.4 min
  step  21800  loss 3.3295  (kl 3.2429  ce 3.5890)  lr 1.45e-03  132.0 min
  step  21900  loss 3.3995  (kl 3.3244  ce 3.6249)  lr 1.45e-03  132.6 min
  step  22000  loss 3.3118  (kl 3.2405  ce 3.5255)  lr 1.45e-03  133.2 min
step  22000  tokens    720.9M  val loss 3.1652  masked acc 0.4650  train 3.3462   133.2 min
  step  22100  loss 3.3794  (kl 3.3097  ce 3.5883)  lr 1.45e-03  133.8 min
  step  22200  loss 3.1848  (kl 3.1130  ce 3.4003)  lr 1.45e-03  134.4 min
  step  22300  loss 3.3090  (kl 3.2459  ce 3.4980)  lr 1.44e-03  135.0 min
  step  22400  loss 3.1791  (kl 3.0710  ce 3.5034)  lr 1.44e-03  135.6 min
  step  22500  loss 3.3020  (kl 3.2021  ce 3.6018)  lr 1.44e-03  136.2 min
  step  22600  loss 3.2872  (kl 3.2364  ce 3.4398)  lr 1.44e-03  136.8 min
  step  22700  loss 3.2954  (kl 3.2090  ce 3.5549)  lr 1.44e-03  137.4 min
  step  22800  loss 3.3045  (kl 3.2043  ce 3.6050)  lr 1.44e-03  138.0 min
  step  22900  loss 3.2674  (kl 3.1595  ce 3.5910)  lr 1.44e-03  138.6 min
  step  23000  loss 3.3460  (kl 3.2524  ce 3.6268)  lr 1.44e-03  139.2 min
step  23000  tokens    753.7M  val loss 3.1103  masked acc 0.4637  train 3.2855   139.3 min
  step  23100  loss 3.3259  (kl 3.2692  ce 3.4962)  lr 1.44e-03  139.9 min
  step  23200  loss 3.4129  (kl 3.3777  ce 3.5188)  lr 1.44e-03  140.5 min
  step  23300  loss 3.3321  (kl 3.2943  ce 3.4455)  lr 1.44e-03  141.1 min
  step  23400  loss 3.3771  (kl 3.3238  ce 3.5370)  lr 1.44e-03  141.7 min
  step  23500  loss 3.3020  (kl 3.2225  ce 3.5405)  lr 1.44e-03  142.3 min
  step  23600  loss 3.3737  (kl 3.3163  ce 3.5461)  lr 1.44e-03  142.9 min
  step  23700  loss 3.3044  (kl 3.2185  ce 3.5620)  lr 1.44e-03  143.5 min
  step  23800  loss 3.3747  (kl 3.2959  ce 3.6113)  lr 1.44e-03  144.1 min
  step  23900  loss 3.3468  (kl 3.2505  ce 3.6356)  lr 1.44e-03  144.7 min
  step  24000  loss 3.2741  (kl 3.1839  ce 3.5450)  lr 1.44e-03  145.3 min
step  24000  tokens    786.4M  val loss 3.1297  masked acc 0.4660  train 3.3424   145.3 min
  step  24100  loss 3.2334  (kl 3.1175  ce 3.5810)  lr 1.43e-03  145.9 min
  step  24200  loss 3.3287  (kl 3.2600  ce 3.5348)  lr 1.43e-03  146.5 min
  step  24300  loss 3.3247  (kl 3.2485  ce 3.5532)  lr 1.43e-03  147.1 min
  step  24400  loss 3.2160  (kl 3.1586  ce 3.3881)  lr 1.43e-03  147.7 min
  step  24500  loss 3.1025  (kl 2.9943  ce 3.4271)  lr 1.43e-03  148.3 min
  step  24600  loss 3.2407  (kl 3.1936  ce 3.3820)  lr 1.43e-03  148.9 min
  step  24700  loss 3.2683  (kl 3.1768  ce 3.5426)  lr 1.43e-03  149.5 min
  step  24800  loss 3.2968  (kl 3.2143  ce 3.5440)  lr 1.43e-03  150.1 min
  checkpoint at step 24842
  step  24900  loss 3.2710  (kl 3.2052  ce 3.4684)  lr 1.43e-03  150.7 min
  step  25000  loss 3.2220  (kl 3.1494  ce 3.4395)  lr 1.43e-03  151.3 min
step  25000  tokens    819.2M  val loss 3.1494  masked acc 0.4673  train 3.2504   151.4 min
  step  25100  loss 3.3329  (kl 3.2400  ce 3.6115)  lr 1.43e-03  152.0 min
  step  25200  loss 3.2368  (kl 3.1526  ce 3.4896)  lr 1.43e-03  152.6 min
  step  25300  loss 3.2906  (kl 3.2117  ce 3.5273)  lr 1.43e-03  153.2 min
  step  25400  loss 3.3100  (kl 3.2201  ce 3.5797)  lr 1.43e-03  153.8 min
  step  25500  loss 3.2542  (kl 3.1983  ce 3.4220)  lr 1.43e-03  154.3 min
  step  25600  loss 3.2739  (kl 3.2173  ce 3.4438)  lr 1.43e-03  154.9 min
  step  25700  loss 3.2387  (kl 3.1562  ce 3.4865)  lr 1.43e-03  155.5 min
  step  25800  loss 3.3177  (kl 3.2116  ce 3.6360)  lr 1.42e-03  156.1 min
  step  25900  loss 3.3301  (kl 3.2726  ce 3.5028)  lr 1.42e-03  156.7 min
  step  26000  loss 3.3003  (kl 3.2203  ce 3.5403)  lr 1.42e-03  157.3 min
step  26000  tokens    852.0M  val loss 3.1443  masked acc 0.4681  train 3.2885   157.4 min
  step  26100  loss 3.2041  (kl 3.1344  ce 3.4135)  lr 1.42e-03  158.0 min
  step  26200  loss 3.2636  (kl 3.1958  ce 3.4671)  lr 1.42e-03  158.6 min
  step  26300  loss 3.2158  (kl 3.1114  ce 3.5291)  lr 1.42e-03  159.2 min
  step  26400  loss 3.3017  (kl 3.2374  ce 3.4945)  lr 1.42e-03  159.8 min
  step  26500  loss 3.2916  (kl 3.2313  ce 3.4728)  lr 1.42e-03  160.4 min
  step  26600  loss 3.3140  (kl 3.2257  ce 3.5789)  lr 1.42e-03  161.0 min
  step  26700  loss 3.1613  (kl 3.1040  ce 3.3334)  lr 1.42e-03  161.6 min
  step  26800  loss 3.3954  (kl 3.3476  ce 3.5388)  lr 1.42e-03  162.2 min
  step  26900  loss 3.1359  (kl 3.0418  ce 3.4182)  lr 1.42e-03  162.8 min
  step  27000  loss 3.2986  (kl 3.2760  ce 3.3663)  lr 1.42e-03  163.4 min
step  27000  tokens    884.7M  val loss 3.0986  masked acc 0.4688  train 3.2582   163.4 min
  step  27100  loss 3.2829  (kl 3.2233  ce 3.4616)  lr 1.42e-03  164.0 min
  step  27200  loss 3.2072  (kl 3.1124  ce 3.4919)  lr 1.42e-03  164.6 min
  step  27300  loss 3.3443  (kl 3.2900  ce 3.5070)  lr 1.41e-03  165.2 min
  step  27400  loss 3.2680  (kl 3.1975  ce 3.4794)  lr 1.41e-03  165.8 min
  step  27500  loss 3.2624  (kl 3.1803  ce 3.5086)  lr 1.41e-03  166.4 min
  step  27600  loss 3.3501  (kl 3.2709  ce 3.5879)  lr 1.41e-03  167.0 min
  step  27700  loss 3.3675  (kl 3.3075  ce 3.5473)  lr 1.41e-03  167.6 min
  step  27800  loss 3.2790  (kl 3.1988  ce 3.5197)  lr 1.41e-03  168.2 min
  step  27900  loss 3.2420  (kl 3.1421  ce 3.5417)  lr 1.41e-03  168.8 min
  step  28000  loss 3.2547  (kl 3.1775  ce 3.4865)  lr 1.41e-03  169.4 min
step  28000  tokens    917.5M  val loss 3.0712  masked acc 0.4705  train 3.2858   169.4 min
  step  28100  loss 3.2534  (kl 3.1243  ce 3.6407)  lr 1.41e-03  170.0 min
  step  28200  loss 3.2655  (kl 3.1795  ce 3.5234)  lr 1.41e-03  170.6 min
  step  28300  loss 3.2190  (kl 3.1255  ce 3.4995)  lr 1.41e-03  171.2 min
  step  28400  loss 3.3137  (kl 3.2477  ce 3.5119)  lr 1.41e-03  171.8 min
  step  28500  loss 3.2090  (kl 3.1325  ce 3.4383)  lr 1.41e-03  172.4 min
  step  28600  loss 3.1797  (kl 3.0874  ce 3.4566)  lr 1.41e-03  173.0 min
  step  28700  loss 3.1579  (kl 3.0848  ce 3.3771)  lr 1.41e-03  173.6 min
  step  28800  loss 3.3391  (kl 3.3115  ce 3.4219)  lr 1.40e-03  174.2 min
  step  28900  loss 3.1847  (kl 3.1076  ce 3.4161)  lr 1.40e-03  174.8 min
  step  29000  loss 3.3191  (kl 3.2193  ce 3.6187)  lr 1.40e-03  175.4 min
step  29000  tokens    950.3M  val loss 3.0650  masked acc 0.4691  train 3.2441   175.5 min
  step  29100  loss 3.3502  (kl 3.3319  ce 3.4051)  lr 1.40e-03  176.1 min
  step  29200  loss 3.2435  (kl 3.2116  ce 3.3394)  lr 1.40e-03  176.7 min
  step  29300  loss 3.2484  (kl 3.1761  ce 3.4655)  lr 1.40e-03  177.3 min
  step  29400  loss 3.2653  (kl 3.1959  ce 3.4736)  lr 1.40e-03  177.9 min
  step  29500  loss 3.2754  (kl 3.2038  ce 3.4901)  lr 1.40e-03  178.5 min
  step  29600  loss 3.2772  (kl 3.1858  ce 3.5514)  lr 1.40e-03  179.1 min
  step  29700  loss 3.2842  (kl 3.2011  ce 3.5333)  lr 1.40e-03  179.7 min
  step  29800  loss 3.2868  (kl 3.2079  ce 3.5235)  lr 1.40e-03  180.3 min
  checkpoint at step 29821
  step  29900  loss 3.3495  (kl 3.2936  ce 3.5173)  lr 1.40e-03  180.9 min
  step  30000  loss 3.2526  (kl 3.1690  ce 3.5036)  lr 1.40e-03  181.5 min
step  30000  tokens    983.0M  val loss 3.1026  masked acc 0.4714  train 3.2833   181.5 min
  step  30100  loss 3.3529  (kl 3.2961  ce 3.5233)  lr 1.40e-03  182.1 min
  step  30200  loss 3.2533  (kl 3.1258  ce 3.6358)  lr 1.39e-03  182.7 min
  step  30300  loss 3.2336  (kl 3.1712  ce 3.4206)  lr 1.39e-03  183.3 min
  step  30400  loss 3.2221  (kl 3.1308  ce 3.4959)  lr 1.39e-03  183.9 min
  step  30500  loss 3.1659  (kl 3.0760  ce 3.4355)  lr 1.39e-03  184.5 min
  step  30600  loss 3.2360  (kl 3.1749  ce 3.4193)  lr 1.39e-03  185.1 min
  step  30700  loss 3.1961  (kl 3.0905  ce 3.5129)  lr 1.39e-03  185.7 min
  step  30800  loss 3.2419  (kl 3.2026  ce 3.3598)  lr 1.39e-03  186.3 min
  step  30900  loss 3.2127  (kl 3.1328  ce 3.4523)  lr 1.39e-03  186.9 min
  step  31000  loss 3.2317  (kl 3.1546  ce 3.4630)  lr 1.39e-03  187.5 min
step  31000  tokens   1015.8M  val loss 3.0966  masked acc 0.4720  train 3.2346   187.6 min
  step  31100  loss 3.2793  (kl 3.1628  ce 3.6288)  lr 1.39e-03  188.2 min
  step  31200  loss 3.2968  (kl 3.2047  ce 3.5732)  lr 1.39e-03  188.8 min
  step  31300  loss 3.2178  (kl 3.1682  ce 3.3668)  lr 1.39e-03  189.3 min
  step  31400  loss 3.2353  (kl 3.1587  ce 3.4649)  lr 1.39e-03  189.9 min
  step  31500  loss 3.2235  (kl 3.1220  ce 3.5281)  lr 1.39e-03  190.5 min
  step  31600  loss 3.2446  (kl 3.1645  ce 3.4850)  lr 1.38e-03  191.1 min
  step  31700  loss 3.2695  (kl 3.1764  ce 3.5489)  lr 1.38e-03  191.7 min
  step  31800  loss 3.2537  (kl 3.1720  ce 3.4990)  lr 1.38e-03  192.3 min
  step  31900  loss 3.1209  (kl 3.0089  ce 3.4570)  lr 1.38e-03  192.9 min
  step  32000  loss 3.2602  (kl 3.1902  ce 3.4701)  lr 1.38e-03  193.5 min
step  32000  tokens   1048.6M  val loss 3.0890  masked acc 0.4714  train 3.2402   193.6 min
  step  32100  loss 3.2719  (kl 3.2064  ce 3.4684)  lr 1.38e-03  194.2 min
  step  32200  loss 3.3001  (kl 3.2068  ce 3.5800)  lr 1.38e-03  194.8 min
  step  32300  loss 3.2483  (kl 3.1557  ce 3.5260)  lr 1.38e-03  195.4 min
  step  32400  loss 3.1745  (kl 3.0789  ce 3.4613)  lr 1.38e-03  196.0 min
  step  32500  loss 3.1057  (kl 3.0158  ce 3.3754)  lr 1.38e-03  196.6 min
  step  32600  loss 3.2298  (kl 3.1453  ce 3.4833)  lr 1.38e-03  197.2 min
  step  32700  loss 3.3184  (kl 3.2484  ce 3.5282)  lr 1.38e-03  197.8 min
  step  32800  loss 3.2581  (kl 3.1774  ce 3.5003)  lr 1.38e-03  198.4 min
  step  32900  loss 3.1002  (kl 3.0030  ce 3.3916)  lr 1.37e-03  199.0 min
  step  33000  loss 3.2121  (kl 3.0808  ce 3.6060)  lr 1.37e-03  199.6 min
step  33000  tokens   1081.3M  val loss 3.0432  masked acc 0.4735  train 3.2219   199.6 min
  step  33100  loss 3.3614  (kl 3.2937  ce 3.5646)  lr 1.37e-03  200.2 min
  step  33200  loss 3.2517  (kl 3.2093  ce 3.3788)  lr 1.37e-03  200.8 min
  step  33300  loss 3.2164  (kl 3.1639  ce 3.3740)  lr 1.37e-03  201.4 min
  step  33400  loss 3.1498  (kl 3.0229  ce 3.5303)  lr 1.37e-03  202.0 min
  step  33500  loss 3.3543  (kl 3.3063  ce 3.4982)  lr 1.37e-03  202.6 min
  step  33600  loss 3.1986  (kl 3.0970  ce 3.5035)  lr 1.37e-03  203.2 min
  step  33700  loss 3.3965  (kl 3.3938  ce 3.4047)  lr 1.37e-03  203.8 min
  step  33800  loss 3.1878  (kl 3.0913  ce 3.4774)  lr 1.37e-03  204.4 min
  step  33900  loss 3.1545  (kl 3.0475  ce 3.4756)  lr 1.37e-03  205.0 min
  step  34000  loss 3.1818  (kl 3.1120  ce 3.3914)  lr 1.37e-03  205.6 min
step  34000  tokens   1114.1M  val loss 3.0444  masked acc 0.4732  train 3.2453   205.6 min
  step  34100  loss 3.2632  (kl 3.1978  ce 3.4593)  lr 1.36e-03  206.2 min
  step  34200  loss 3.2673  (kl 3.2043  ce 3.4566)  lr 1.36e-03  206.8 min
  step  34300  loss 3.1883  (kl 3.0962  ce 3.4643)  lr 1.36e-03  207.4 min
  step  34400  loss 3.1799  (kl 3.0857  ce 3.4625)  lr 1.36e-03  208.0 min
  step  34500  loss 3.1580  (kl 3.0806  ce 3.3899)  lr 1.36e-03  208.6 min
  step  34600  loss 3.2365  (kl 3.1516  ce 3.4911)  lr 1.36e-03  209.2 min
  step  34700  loss 3.1260  (kl 3.0303  ce 3.4131)  lr 1.36e-03  209.8 min
  step  34800  loss 3.3253  (kl 3.2712  ce 3.4876)  lr 1.36e-03  210.4 min
  checkpoint at step 34803
  step  34900  loss 3.2377  (kl 3.1938  ce 3.3693)  lr 1.36e-03  211.0 min
  step  35000  loss 3.2002  (kl 3.1346  ce 3.3967)  lr 1.36e-03  211.6 min
step  35000  tokens   1146.9M  val loss 3.0316  masked acc 0.4740  train 3.2182   211.7 min
  step  35100  loss 3.2418  (kl 3.1750  ce 3.4420)  lr 1.36e-03  212.3 min
  step  35200  loss 3.2104  (kl 3.1179  ce 3.4878)  lr 1.36e-03  212.9 min
  step  35300  loss 3.3097  (kl 3.2942  ce 3.3560)  lr 1.36e-03  213.5 min
  step  35400  loss 3.1799  (kl 3.0936  ce 3.4386)  lr 1.35e-03  214.1 min
  step  35500  loss 3.1953  (kl 3.0986  ce 3.4851)  lr 1.35e-03  214.7 min
  step  35600  loss 3.1882  (kl 3.1175  ce 3.4003)  lr 1.35e-03  215.3 min
  step  35700  loss 3.1812  (kl 3.0946  ce 3.4412)  lr 1.35e-03  215.9 min
  step  35800  loss 3.1626  (kl 3.0795  ce 3.4118)  lr 1.35e-03  216.5 min
  step  35900  loss 3.1889  (kl 3.1314  ce 3.3611)  lr 1.35e-03  217.1 min
  step  36000  loss 3.1883  (kl 3.1063  ce 3.4344)  lr 1.35e-03  217.7 min
step  36000  tokens   1179.6M  val loss 3.0483  masked acc 0.4748  train 3.2046   217.7 min
  step  36100  loss 3.3238  (kl 3.2868  ce 3.4350)  lr 1.35e-03  218.3 min
  step  36200  loss 3.1715  (kl 3.0950  ce 3.4010)  lr 1.35e-03  218.9 min
  step  36300  loss 3.2461  (kl 3.1688  ce 3.4781)  lr 1.35e-03  219.5 min
  step  36400  loss 3.1036  (kl 3.0102  ce 3.3838)  lr 1.35e-03  220.1 min
  step  36500  loss 3.2453  (kl 3.1751  ce 3.4559)  lr 1.34e-03  220.7 min
  step  36600  loss 3.0814  (kl 2.9807  ce 3.3835)  lr 1.34e-03  221.3 min
  step  36700  loss 3.2201  (kl 3.1498  ce 3.4312)  lr 1.34e-03  221.9 min
  step  36800  loss 3.2463  (kl 3.1729  ce 3.4665)  lr 1.34e-03  222.5 min
  step  36900  loss 3.2397  (kl 3.1319  ce 3.5631)  lr 1.34e-03  223.1 min
  step  37000  loss 3.2930  (kl 3.2015  ce 3.5673)  lr 1.34e-03  223.7 min
step  37000  tokens   1212.4M  val loss 3.0429  masked acc 0.4756  train 3.2171   223.7 min
  step  37100  loss 3.2563  (kl 3.2070  ce 3.4042)  lr 1.34e-03  224.3 min
  step  37200  loss 3.2653  (kl 3.1770  ce 3.5302)  lr 1.34e-03  224.9 min
  step  37300  loss 3.1834  (kl 3.0774  ce 3.5011)  lr 1.34e-03  225.5 min
  step  37400  loss 3.2155  (kl 3.1492  ce 3.4147)  lr 1.34e-03  226.1 min
  step  37500  loss 3.0985  (kl 3.0073  ce 3.3721)  lr 1.34e-03  226.7 min
  step  37600  loss 3.2077  (kl 3.0773  ce 3.5988)  lr 1.34e-03  227.3 min
  step  37700  loss 3.1324  (kl 3.0459  ce 3.3920)  lr 1.33e-03  227.9 min
  step  37800  loss 3.2303  (kl 3.1779  ce 3.3877)  lr 1.33e-03  228.5 min
  step  37900  loss 3.1259  (kl 3.0069  ce 3.4830)  lr 1.33e-03  229.1 min
  step  38000  loss 3.1961  (kl 3.1354  ce 3.3780)  lr 1.33e-03  229.7 min
step  38000  tokens   1245.2M  val loss 3.0252  masked acc 0.4759  train 3.1912   229.7 min
  step  38100  loss 3.1843  (kl 3.0890  ce 3.4704)  lr 1.33e-03  230.3 min
  step  38200  loss 3.1910  (kl 3.1017  ce 3.4589)  lr 1.33e-03  230.9 min
  step  38300  loss 3.1689  (kl 3.0822  ce 3.4287)  lr 1.33e-03  231.5 min
  step  38400  loss 3.1364  (kl 3.0499  ce 3.3958)  lr 1.33e-03  232.1 min
  step  38500  loss 3.1378  (kl 3.0487  ce 3.4053)  lr 1.33e-03  232.7 min
  step  38600  loss 3.1803  (kl 3.1112  ce 3.3877)  lr 1.33e-03  233.3 min
  step  38700  loss 3.1218  (kl 2.9839  ce 3.5357)  lr 1.33e-03  233.9 min
  step  38800  loss 3.2504  (kl 3.2091  ce 3.3745)  lr 1.32e-03  234.5 min
  step  38900  loss 3.2026  (kl 3.0915  ce 3.5358)  lr 1.32e-03  235.1 min
  step  39000  loss 3.0676  (kl 2.9695  ce 3.3619)  lr 1.32e-03  235.7 min
step  39000  tokens   1278.0M  val loss 3.0250  masked acc 0.4755  train 3.1641   235.8 min
  step  39100  loss 3.2044  (kl 3.1413  ce 3.3936)  lr 1.32e-03  236.4 min
  step  39200  loss 3.1737  (kl 3.0806  ce 3.4530)  lr 1.32e-03  237.0 min
  step  39300  loss 3.1648  (kl 3.0662  ce 3.4605)  lr 1.32e-03  237.6 min
  step  39400  loss 3.1436  (kl 3.0522  ce 3.4178)  lr 1.32e-03  238.2 min
  step  39500  loss 3.1462  (kl 3.0402  ce 3.4642)  lr 1.32e-03  238.8 min
  step  39600  loss 3.1514  (kl 3.1023  ce 3.2988)  lr 1.32e-03  239.4 min
  step  39700  loss 3.1406  (kl 3.0271  ce 3.4812)  lr 1.32e-03  240.0 min
  checkpoint at step 39785
  step  39800  loss 3.1915  (kl 3.1168  ce 3.4155)  lr 1.32e-03  240.6 min
  step  39900  loss 3.1257  (kl 3.0629  ce 3.3141)  lr 1.31e-03  241.2 min
  step  40000  loss 3.1322  (kl 3.0463  ce 3.3899)  lr 1.31e-03  241.8 min
step  40000  tokens   1310.7M  val loss 3.0302  masked acc 0.4782  train 3.1574   241.8 min
  step  40100  loss 3.2224  (kl 3.1554  ce 3.4231)  lr 1.31e-03  242.4 min
  step  40200  loss 3.1541  (kl 3.0502  ce 3.4655)  lr 1.31e-03  243.0 min
  step  40300  loss 3.2127  (kl 3.1420  ce 3.4249)  lr 1.31e-03  243.6 min
  step  40400  loss 3.1184  (kl 3.0230  ce 3.4044)  lr 1.31e-03  244.2 min
  step  40500  loss 3.2360  (kl 3.1635  ce 3.4536)  lr 1.31e-03  244.8 min
  step  40600  loss 3.2297  (kl 3.1609  ce 3.4362)  lr 1.31e-03  245.4 min
  step  40700  loss 3.1665  (kl 3.0866  ce 3.4063)  lr 1.31e-03  246.0 min
  step  40800  loss 3.1234  (kl 3.0371  ce 3.3826)  lr 1.31e-03  246.6 min
  step  40900  loss 3.1849  (kl 3.0745  ce 3.5160)  lr 1.30e-03  247.2 min
  step  41000  loss 3.2597  (kl 3.1875  ce 3.4762)  lr 1.30e-03  247.8 min
step  41000  tokens   1343.5M  val loss 3.0349  masked acc 0.4759  train 3.1908   247.9 min
  step  41100  loss 3.1531  (kl 3.0528  ce 3.4540)  lr 1.30e-03  248.5 min
  step  41200  loss 3.0260  (kl 2.9377  ce 3.2907)  lr 1.30e-03  249.1 min
  step  41300  loss 3.2076  (kl 3.1020  ce 3.5243)  lr 1.30e-03  249.7 min
  step  41400  loss 3.1881  (kl 3.0494  ce 3.6044)  lr 1.30e-03  250.3 min
  step  41500  loss 3.1114  (kl 3.0119  ce 3.4100)  lr 1.30e-03  250.9 min
  step  41600  loss 3.1019  (kl 2.9987  ce 3.4116)  lr 1.30e-03  251.5 min
  step  41700  loss 3.2334  (kl 3.1597  ce 3.4546)  lr 1.30e-03  252.1 min
  step  41800  loss 3.1787  (kl 3.1096  ce 3.3860)  lr 1.30e-03  252.6 min
  step  41900  loss 3.1163  (kl 3.0531  ce 3.3059)  lr 1.30e-03  253.2 min
  step  42000  loss 3.1153  (kl 3.0218  ce 3.3958)  lr 1.29e-03  253.8 min
step  42000  tokens   1376.3M  val loss 3.0097  masked acc 0.4769  train 3.1432   253.9 min
  step  42100  loss 3.2100  (kl 3.1048  ce 3.5257)  lr 1.29e-03  254.5 min
  step  42200  loss 3.2282  (kl 3.1635  ce 3.4226)  lr 1.29e-03  255.1 min
  step  42300  loss 3.2355  (kl 3.1724  ce 3.4247)  lr 1.29e-03  255.7 min
  step  42400  loss 3.2215  (kl 3.1708  ce 3.3734)  lr 1.29e-03  256.3 min
  step  42500  loss 3.3201  (kl 3.2683  ce 3.4756)  lr 1.29e-03  256.9 min
  step  42600  loss 3.0911  (kl 2.9948  ce 3.3800)  lr 1.29e-03  257.5 min
  step  42700  loss 3.0578  (kl 2.9949  ce 3.2467)  lr 1.29e-03  258.1 min
  step  42800  loss 3.1080  (kl 2.9946  ce 3.4480)  lr 1.29e-03  258.7 min
  step  42900  loss 3.1532  (kl 3.0714  ce 3.3985)  lr 1.29e-03  259.3 min
  step  43000  loss 3.3049  (kl 3.2584  ce 3.4445)  lr 1.28e-03  259.9 min
step  43000  tokens   1409.0M  val loss 2.9990  masked acc 0.4788  train 3.1930   259.9 min
  step  43100  loss 3.1312  (kl 3.0410  ce 3.4019)  lr 1.28e-03  260.5 min
  step  43200  loss 3.1766  (kl 3.1228  ce 3.3379)  lr 1.28e-03  261.1 min
  step  43300  loss 3.1074  (kl 2.9717  ce 3.5147)  lr 1.28e-03  261.7 min
  step  43400  loss 3.1046  (kl 2.9831  ce 3.4691)  lr 1.28e-03  262.3 min
  step  43500  loss 3.0497  (kl 2.9747  ce 3.2746)  lr 1.28e-03  262.9 min
  step  43600  loss 3.0465  (kl 2.9478  ce 3.3425)  lr 1.28e-03  263.5 min
  step  43700  loss 3.1153  (kl 3.0101  ce 3.4310)  lr 1.28e-03  264.1 min
  step  43800  loss 3.1724  (kl 3.1004  ce 3.3883)  lr 1.28e-03  264.7 min
  step  43900  loss 3.2236  (kl 3.1517  ce 3.4395)  lr 1.28e-03  265.3 min
  step  44000  loss 3.1882  (kl 3.1096  ce 3.4239)  lr 1.27e-03  265.9 min
step  44000  tokens   1441.8M  val loss 2.9909  masked acc 0.4807  train 3.1316   265.9 min
  step  44100  loss 3.1344  (kl 3.0241  ce 3.4652)  lr 1.27e-03  266.5 min
  step  44200  loss 3.0444  (kl 2.9415  ce 3.3531)  lr 1.27e-03  267.1 min
  step  44300  loss 3.1246  (kl 3.0722  ce 3.2818)  lr 1.27e-03  267.7 min
  step  44400  loss 3.2422  (kl 3.1391  ce 3.5515)  lr 1.27e-03  268.3 min
  step  44500  loss 3.1545  (kl 3.0552  ce 3.4526)  lr 1.27e-03  268.9 min
  step  44600  loss 3.1222  (kl 3.0443  ce 3.3561)  lr 1.27e-03  269.5 min
  step  44700  loss 3.1618  (kl 3.0756  ce 3.4204)  lr 1.27e-03  270.1 min
  checkpoint at step 44768
  step  44800  loss 3.2435  (kl 3.2087  ce 3.3480)  lr 1.27e-03  270.8 min
  step  44900  loss 3.0818  (kl 2.9774  ce 3.3948)  lr 1.27e-03  271.3 min
  step  45000  loss 3.2829  (kl 3.2159  ce 3.4839)  lr 1.26e-03  271.9 min
step  45000  tokens   1474.6M  val loss 3.0215  masked acc 0.4792  train 3.1592   272.0 min
  step  45100  loss 3.1035  (kl 3.0199  ce 3.3544)  lr 1.26e-03  272.6 min
  step  45200  loss 3.1931  (kl 3.1008  ce 3.4700)  lr 1.26e-03  273.2 min
  step  45300  loss 3.1877  (kl 3.0937  ce 3.4699)  lr 1.26e-03  273.8 min
  step  45400  loss 3.1113  (kl 3.0219  ce 3.3794)  lr 1.26e-03  274.4 min
  step  45500  loss 3.1672  (kl 3.0778  ce 3.4352)  lr 1.26e-03  275.0 min
  step  45600  loss 3.1269  (kl 3.0458  ce 3.3703)  lr 1.26e-03  275.6 min
  step  45700  loss 3.1511  (kl 3.0408  ce 3.4822)  lr 1.26e-03  276.2 min
  step  45800  loss 3.1531  (kl 3.0813  ce 3.3685)  lr 1.26e-03  276.8 min
  step  45900  loss 3.1579  (kl 3.0563  ce 3.4628)  lr 1.25e-03  277.4 min
  step  46000  loss 3.1709  (kl 3.1082  ce 3.3591)  lr 1.25e-03  278.0 min
step  46000  tokens   1507.3M  val loss 2.9998  masked acc 0.4799  train 3.1523   278.0 min
  step  46100  loss 3.1876  (kl 3.0796  ce 3.5117)  lr 1.25e-03  278.6 min
  step  46200  loss 3.1492  (kl 3.0600  ce 3.4169)  lr 1.25e-03  279.2 min
  step  46300  loss 3.1491  (kl 3.0374  ce 3.4839)  lr 1.25e-03  279.8 min
  step  46400  loss 3.1503  (kl 3.0758  ce 3.3737)  lr 1.25e-03  280.4 min
  step  46500  loss 3.1665  (kl 3.1165  ce 3.3163)  lr 1.25e-03  281.0 min
  step  46600  loss 3.1473  (kl 3.0459  ce 3.4514)  lr 1.25e-03  281.6 min
  step  46700  loss 3.2148  (kl 3.1240  ce 3.4869)  lr 1.25e-03  282.2 min
  step  46800  loss 3.0877  (kl 3.0130  ce 3.3117)  lr 1.25e-03  282.8 min
  step  46900  loss 3.0870  (kl 2.9805  ce 3.4063)  lr 1.24e-03  283.4 min
  step  47000  loss 3.1592  (kl 3.0627  ce 3.4485)  lr 1.24e-03  284.0 min
step  47000  tokens   1540.1M  val loss 2.9809  masked acc 0.4803  train 3.1498   284.0 min
  step  47100  loss 3.0060  (kl 2.8784  ce 3.3889)  lr 1.24e-03  284.6 min
  step  47200  loss 3.3097  (kl 3.2726  ce 3.4208)  lr 1.24e-03  285.2 min
  step  47300  loss 3.0928  (kl 2.9750  ce 3.4462)  lr 1.24e-03  285.8 min
  step  47400  loss 3.1311  (kl 3.0171  ce 3.4730)  lr 1.24e-03  286.4 min
  step  47500  loss 3.0984  (kl 3.0184  ce 3.3382)  lr 1.24e-03  287.0 min
  step  47600  loss 3.1203  (kl 3.0065  ce 3.4617)  lr 1.24e-03  287.6 min
  step  47700  loss 3.1698  (kl 3.0774  ce 3.4468)  lr 1.24e-03  288.2 min
  step  47800  loss 3.0734  (kl 2.9347  ce 3.4897)  lr 1.23e-03  288.8 min
  step  47900  loss 3.2759  (kl 3.2466  ce 3.3640)  lr 1.23e-03  289.4 min
  step  48000  loss 3.1830  (kl 3.1198  ce 3.3726)  lr 1.23e-03  290.0 min
step  48000  tokens   1572.9M  val loss 3.0082  masked acc 0.4820  train 3.1460   290.1 min
  step  48100  loss 3.1964  (kl 3.1426  ce 3.3577)  lr 1.23e-03  290.7 min
  step  48200  loss 3.1458  (kl 3.0685  ce 3.3778)  lr 1.23e-03  291.3 min
  step  48300  loss 3.1119  (kl 3.0440  ce 3.3155)  lr 1.23e-03  291.9 min
  step  48400  loss 3.1103  (kl 3.0107  ce 3.4092)  lr 1.23e-03  292.5 min
  step  48500  loss 3.0516  (kl 2.9527  ce 3.3483)  lr 1.23e-03  293.0 min
  step  48600  loss 3.0552  (kl 2.9504  ce 3.3696)  lr 1.23e-03  293.6 min
  step  48700  loss 3.2315  (kl 3.1520  ce 3.4701)  lr 1.23e-03  294.2 min
  step  48800  loss 3.0447  (kl 2.9451  ce 3.3436)  lr 1.22e-03  294.8 min
  step  48900  loss 3.2602  (kl 3.1491  ce 3.5938)  lr 1.22e-03  295.4 min
  step  49000  loss 3.1286  (kl 3.0002  ce 3.5139)  lr 1.22e-03  296.0 min
step  49000  tokens   1605.6M  val loss 2.9965  masked acc 0.4828  train 3.1336   296.1 min
  step  49100  loss 3.0417  (kl 2.9202  ce 3.4061)  lr 1.22e-03  296.7 min
  step  49200  loss 3.1143  (kl 3.0186  ce 3.4012)  lr 1.22e-03  297.3 min
  step  49300  loss 3.1887  (kl 3.1300  ce 3.3648)  lr 1.22e-03  297.9 min
  step  49400  loss 2.9869  (kl 2.8601  ce 3.3674)  lr 1.22e-03  298.5 min
  step  49500  loss 3.1216  (kl 2.9961  ce 3.4980)  lr 1.22e-03  299.1 min
  step  49600  loss 3.2608  (kl 3.2122  ce 3.4068)  lr 1.22e-03  299.7 min
  step  49700  loss 3.0834  (kl 3.0036  ce 3.3226)  lr 1.21e-03  300.3 min
  checkpoint at step 49751
  step  49800  loss 3.1862  (kl 3.0916  ce 3.4702)  lr 1.21e-03  300.9 min
  step  49900  loss 3.0551  (kl 2.9853  ce 3.2647)  lr 1.21e-03  301.5 min
  step  50000  loss 3.1009  (kl 3.0426  ce 3.2757)  lr 1.21e-03  302.1 min
step  50000  tokens   1638.4M  val loss 2.9561  masked acc 0.4814  train 3.1140   302.1 min
  step  50100  loss 3.1403  (kl 3.0015  ce 3.5570)  lr 1.21e-03  302.7 min
  step  50200  loss 3.1064  (kl 3.0094  ce 3.3976)  lr 1.21e-03  303.3 min
  step  50300  loss 3.1687  (kl 3.0916  ce 3.4003)  lr 1.21e-03  303.9 min
  step  50400  loss 3.1532  (kl 3.0700  ce 3.4030)  lr 1.21e-03  304.5 min
  step  50500  loss 3.0098  (kl 2.8723  ce 3.4221)  lr 1.21e-03  305.1 min
  step  50600  loss 3.0812  (kl 3.0063  ce 3.3060)  lr 1.20e-03  305.7 min
  step  50700  loss 3.0452  (kl 2.9332  ce 3.3812)  lr 1.20e-03  306.3 min
  step  50800  loss 3.1267  (kl 2.9933  ce 3.5271)  lr 1.20e-03  306.9 min
  step  50900  loss 3.1448  (kl 3.1082  ce 3.2545)  lr 1.20e-03  307.5 min
  step  51000  loss 3.1125  (kl 2.9894  ce 3.4819)  lr 1.20e-03  308.1 min
step  51000  tokens   1671.2M  val loss 2.9811  masked acc 0.4807  train 3.1089   308.2 min
  step  51100  loss 3.0897  (kl 3.0082  ce 3.3341)  lr 1.20e-03  308.8 min
  step  51200  loss 2.9599  (kl 2.8374  ce 3.3276)  lr 1.20e-03  309.4 min
  step  51300  loss 3.2133  (kl 3.1589  ce 3.3767)  lr 1.20e-03  310.0 min
  step  51400  loss 3.1113  (kl 3.0174  ce 3.3930)  lr 1.19e-03  310.5 min
  step  51500  loss 3.0917  (kl 3.0049  ce 3.3520)  lr 1.19e-03  311.1 min
  step  51600  loss 3.1493  (kl 3.0638  ce 3.4059)  lr 1.19e-03  311.7 min
  step  51700  loss 3.0907  (kl 2.9847  ce 3.4090)  lr 1.19e-03  312.3 min
  step  51800  loss 3.1035  (kl 2.9611  ce 3.5309)  lr 1.19e-03  312.9 min
  step  51900  loss 3.0086  (kl 2.9011  ce 3.3309)  lr 1.19e-03  313.5 min
  step  52000  loss 3.1323  (kl 3.0250  ce 3.4545)  lr 1.19e-03  314.1 min
step  52000  tokens   1703.9M  val loss 2.9785  masked acc 0.4809  train 3.0950   314.2 min
  step  52100  loss 3.1929  (kl 3.0920  ce 3.4955)  lr 1.19e-03  314.8 min
  step  52200  loss 3.0889  (kl 3.0418  ce 3.2303)  lr 1.19e-03  315.4 min
  step  52300  loss 3.0948  (kl 3.0074  ce 3.3571)  lr 1.18e-03  316.0 min
  step  52400  loss 3.1234  (kl 3.0457  ce 3.3564)  lr 1.18e-03  316.6 min
  step  52500  loss 3.1153  (kl 3.0225  ce 3.3940)  lr 1.18e-03  317.2 min
  step  52600  loss 3.1360  (kl 3.0450  ce 3.4092)  lr 1.18e-03  317.8 min
  step  52700  loss 3.1229  (kl 3.0004  ce 3.4905)  lr 1.18e-03  318.4 min
  step  52800  loss 3.2059  (kl 3.1187  ce 3.4674)  lr 1.18e-03  319.0 min
  step  52900  loss 3.0693  (kl 2.9790  ce 3.3400)  lr 1.18e-03  319.6 min
  step  53000  loss 3.2525  (kl 3.1794  ce 3.4718)  lr 1.18e-03  320.2 min
step  53000  tokens   1736.7M  val loss 2.9729  masked acc 0.4826  train 3.1402   320.2 min
  step  53100  loss 3.1364  (kl 3.0308  ce 3.4534)  lr 1.18e-03  320.8 min
  step  53200  loss 3.2041  (kl 3.1380  ce 3.4021)  lr 1.17e-03  321.4 min
  step  53300  loss 3.0920  (kl 3.0256  ce 3.2913)  lr 1.17e-03  322.0 min
  step  53400  loss 3.1285  (kl 3.0271  ce 3.4328)  lr 1.17e-03  322.6 min
  step  53500  loss 3.0715  (kl 2.9737  ce 3.3648)  lr 1.17e-03  323.2 min
  step  53600  loss 3.0290  (kl 2.9187  ce 3.3597)  lr 1.17e-03  323.8 min
  step  53700  loss 3.0568  (kl 2.9522  ce 3.3704)  lr 1.17e-03  324.4 min
  step  53800  loss 3.1208  (kl 3.0465  ce 3.3436)  lr 1.17e-03  325.0 min
  step  53900  loss 3.0877  (kl 2.9759  ce 3.4232)  lr 1.17e-03  325.6 min
  step  54000  loss 3.0326  (kl 2.8878  ce 3.4670)  lr 1.17e-03  326.2 min
step  54000  tokens   1769.5M  val loss 2.9698  masked acc 0.4841  train 3.0959   326.2 min
  step  54100  loss 3.0840  (kl 2.9779  ce 3.4022)  lr 1.16e-03  326.8 min
  step  54200  loss 3.1576  (kl 3.0478  ce 3.4868)  lr 1.16e-03  327.4 min
  step  54300  loss 3.0175  (kl 2.8916  ce 3.3953)  lr 1.16e-03  328.0 min
  step  54400  loss 3.0859  (kl 2.9816  ce 3.3986)  lr 1.16e-03  328.6 min
  step  54500  loss 2.9745  (kl 2.9106  ce 3.1663)  lr 1.16e-03  329.2 min
  step  54600  loss 3.1704  (kl 3.0733  ce 3.4617)  lr 1.16e-03  329.8 min
  step  54700  loss 3.1441  (kl 3.0293  ce 3.4885)  lr 1.16e-03  330.4 min
  checkpoint at step 54735
  step  54800  loss 3.1392  (kl 3.0211  ce 3.4934)  lr 1.16e-03  331.0 min
  step  54900  loss 3.1229  (kl 3.0324  ce 3.3944)  lr 1.15e-03  331.6 min
  step  55000  loss 3.0871  (kl 2.9706  ce 3.4364)  lr 1.15e-03  332.2 min
step  55000  tokens   1802.2M  val loss 2.9722  masked acc 0.4822  train 3.0983   332.3 min
  step  55100  loss 3.0632  (kl 2.9712  ce 3.3394)  lr 1.15e-03  332.9 min
  step  55200  loss 3.2351  (kl 3.1541  ce 3.4781)  lr 1.15e-03  333.5 min
  step  55300  loss 2.9992  (kl 2.8852  ce 3.3410)  lr 1.15e-03  334.1 min
  step  55400  loss 3.0969  (kl 3.0125  ce 3.3499)  lr 1.15e-03  334.7 min
  step  55500  loss 3.2010  (kl 3.1378  ce 3.3907)  lr 1.15e-03  335.3 min
  step  55600  loss 3.1178  (kl 3.0526  ce 3.3132)  lr 1.15e-03  335.9 min
  step  55700  loss 3.1118  (kl 3.0067  ce 3.4270)  lr 1.14e-03  336.5 min
  step  55800  loss 3.0120  (kl 2.8968  ce 3.3575)  lr 1.14e-03  337.1 min
  step  55900  loss 3.0306  (kl 2.9460  ce 3.2845)  lr 1.14e-03  337.7 min
  step  56000  loss 3.1721  (kl 3.0856  ce 3.4318)  lr 1.14e-03  338.3 min
step  56000  tokens   1835.0M  val loss 2.9618  masked acc 0.4834  train 3.1040   338.3 min
  step  56100  loss 3.1670  (kl 3.1127  ce 3.3301)  lr 1.14e-03  338.9 min
  step  56200  loss 3.1874  (kl 3.1364  ce 3.3404)  lr 1.14e-03  339.5 min
  step  56300  loss 3.2464  (kl 3.1976  ce 3.3928)  lr 1.14e-03  340.1 min
  step  56400  loss 3.1580  (kl 3.0579  ce 3.4584)  lr 1.14e-03  340.7 min
  step  56500  loss 3.0458  (kl 2.9422  ce 3.3568)  lr 1.14e-03  341.3 min
  step  56600  loss 3.0469  (kl 2.9394  ce 3.3694)  lr 1.13e-03  341.9 min
  step  56700  loss 3.0954  (kl 2.9911  ce 3.4082)  lr 1.13e-03  342.5 min
  step  56800  loss 3.2642  (kl 3.2098  ce 3.4275)  lr 1.13e-03  343.1 min
  step  56900  loss 3.0807  (kl 2.9915  ce 3.3482)  lr 1.13e-03  343.7 min
  step  57000  loss 3.1071  (kl 3.0138  ce 3.3873)  lr 1.13e-03  344.3 min
step  57000  tokens   1867.8M  val loss 2.9622  masked acc 0.4840  train 3.1399   344.3 min
  step  57100  loss 3.1941  (kl 3.0976  ce 3.4839)  lr 1.13e-03  344.9 min
  step  57200  loss 3.0464  (kl 2.9390  ce 3.3686)  lr 1.13e-03  345.5 min
  step  57300  loss 3.0610  (kl 2.9730  ce 3.3252)  lr 1.13e-03  346.1 min
  step  57400  loss 3.0731  (kl 3.0011  ce 3.2891)  lr 1.12e-03  346.7 min
  step  57500  loss 3.1847  (kl 3.1062  ce 3.4200)  lr 1.12e-03  347.3 min
  step  57600  loss 3.0844  (kl 2.9859  ce 3.3796)  lr 1.12e-03  347.9 min
  step  57700  loss 3.0282  (kl 2.9494  ce 3.2646)  lr 1.12e-03  348.5 min
  step  57800  loss 3.1306  (kl 3.0380  ce 3.4084)  lr 1.12e-03  349.1 min
  step  57900  loss 3.1196  (kl 3.0130  ce 3.4395)  lr 1.12e-03  349.7 min
  step  58000  loss 3.1683  (kl 3.0997  ce 3.3741)  lr 1.12e-03  350.3 min
step  58000  tokens   1900.5M  val loss 2.9494  masked acc 0.4838  train 3.1090   350.3 min
  step  58100  loss 3.1618  (kl 3.0369  ce 3.5363)  lr 1.12e-03  350.9 min
  step  58200  loss 3.0550  (kl 2.9596  ce 3.3411)  lr 1.11e-03  351.5 min
  step  58300  loss 3.0341  (kl 2.9175  ce 3.3841)  lr 1.11e-03  352.1 min
  step  58400  loss 3.0941  (kl 2.9978  ce 3.3827)  lr 1.11e-03  352.7 min
  step  58500  loss 2.9578  (kl 2.8777  ce 3.1980)  lr 1.11e-03  353.3 min
  step  58600  loss 3.1401  (kl 3.0631  ce 3.3711)  lr 1.11e-03  353.9 min
  step  58700  loss 3.0953  (kl 3.0014  ce 3.3772)  lr 1.11e-03  354.5 min
  step  58800  loss 3.0687  (kl 2.9915  ce 3.3004)  lr 1.11e-03  355.1 min
  step  58900  loss 3.0719  (kl 2.9669  ce 3.3867)  lr 1.11e-03  355.7 min
  step  59000  loss 3.0886  (kl 2.9747  ce 3.4305)  lr 1.10e-03  356.3 min
step  59000  tokens   1933.3M  val loss 2.9655  masked acc 0.4840  train 3.0767   356.4 min
  step  59100  loss 3.1159  (kl 3.0255  ce 3.3872)  lr 1.10e-03  357.0 min
  step  59200  loss 3.1256  (kl 3.0306  ce 3.4107)  lr 1.10e-03  357.6 min
  step  59300  loss 3.0993  (kl 2.9966  ce 3.4074)  lr 1.10e-03  358.2 min
  step  59400  loss 3.0875  (kl 3.0076  ce 3.3272)  lr 1.10e-03  358.8 min
  step  59500  loss 3.1259  (kl 3.0197  ce 3.4447)  lr 1.10e-03  359.4 min
  step  59600  loss 3.0693  (kl 2.9508  ce 3.4250)  lr 1.10e-03  360.0 min
  step  59700  loss 3.1055  (kl 3.0228  ce 3.3536)  lr 1.10e-03  360.6 min
  checkpoint at step 59717
  step  59800  loss 3.1009  (kl 3.0135  ce 3.3631)  lr 1.10e-03  361.2 min
  step  59900  loss 3.1218  (kl 3.0042  ce 3.4748)  lr 1.09e-03  361.8 min
  step  60000  loss 3.0070  (kl 2.9095  ce 3.2997)  lr 1.09e-03  362.4 min
step  60000  tokens   1966.1M  val loss 2.9504  masked acc 0.4836  train 3.0959   362.4 min
  step  60100  loss 3.1236  (kl 3.0283  ce 3.4093)  lr 1.09e-03  363.0 min
  step  60200  loss 3.1200  (kl 2.9991  ce 3.4825)  lr 1.09e-03  363.6 min
  step  60300  loss 3.2154  (kl 3.0915  ce 3.5871)  lr 1.09e-03  364.2 min
  step  60400  loss 3.0664  (kl 2.9835  ce 3.3154)  lr 1.09e-03  364.8 min
  step  60500  loss 3.0209  (kl 2.9332  ce 3.2843)  lr 1.09e-03  365.4 min
  step  60600  loss 3.0880  (kl 2.9925  ce 3.3745)  lr 1.09e-03  366.0 min
  step  60700  loss 3.1432  (kl 3.0466  ce 3.4329)  lr 1.08e-03  366.6 min
  step  60800  loss 3.0462  (kl 2.9310  ce 3.3919)  lr 1.08e-03  367.2 min
  step  60900  loss 3.0491  (kl 2.9638  ce 3.3053)  lr 1.08e-03  367.8 min
  step  61000  loss 3.0271  (kl 2.9238  ce 3.3371)  lr 1.08e-03  368.4 min
step  61000  tokens   1998.8M  val loss 2.9507  masked acc 0.4874  train 3.0900   368.4 min
  step  61100  loss 3.1471  (kl 3.0790  ce 3.3514)  lr 1.08e-03  369.0 min
  step  61200  loss 3.1110  (kl 3.0117  ce 3.4090)  lr 1.08e-03  369.6 min
  step  61300  loss 3.1094  (kl 2.9941  ce 3.4554)  lr 1.08e-03  370.2 min
  step  61400  loss 3.1354  (kl 3.0207  ce 3.4794)  lr 1.08e-03  370.8 min
  step  61500  loss 3.0679  (kl 2.9394  ce 3.4532)  lr 1.07e-03  371.4 min
  step  61600  loss 3.0772  (kl 2.9717  ce 3.3938)  lr 1.07e-03  372.0 min
  step  61700  loss 3.1197  (kl 3.0120  ce 3.4427)  lr 1.07e-03  372.6 min
  step  61800  loss 3.0217  (kl 2.9114  ce 3.3525)  lr 1.07e-03  373.2 min
  step  61900  loss 3.0213  (kl 2.9261  ce 3.3068)  lr 1.07e-03  373.8 min
  step  62000  loss 3.1504  (kl 3.0315  ce 3.5072)  lr 1.07e-03  374.4 min
step  62000  tokens   2031.6M  val loss 2.9696  masked acc 0.4865  train 3.0961   374.5 min
  step  62100  loss 3.0278  (kl 2.9064  ce 3.3921)  lr 1.07e-03  375.1 min
  step  62200  loss 3.0158  (kl 2.9236  ce 3.2927)  lr 1.07e-03  375.7 min
  step  62300  loss 3.0466  (kl 2.9493  ce 3.3383)  lr 1.06e-03  376.3 min
  step  62400  loss 2.9496  (kl 2.8303  ce 3.3074)  lr 1.06e-03  376.9 min
  step  62500  loss 3.1060  (kl 3.0076  ce 3.4012)  lr 1.06e-03  377.5 min
  step  62600  loss 3.1430  (kl 3.0546  ce 3.4080)  lr 1.06e-03  378.1 min
  step  62700  loss 3.0556  (kl 2.9559  ce 3.3547)  lr 1.06e-03  378.7 min
  step  62800  loss 3.0343  (kl 2.9506  ce 3.2856)  lr 1.06e-03  379.3 min
  step  62900  loss 3.1040  (kl 3.0491  ce 3.2687)  lr 1.06e-03  379.9 min
  step  63000  loss 3.2118  (kl 3.1372  ce 3.4356)  lr 1.05e-03  380.5 min
step  63000  tokens   2064.4M  val loss 2.9430  masked acc 0.4851  train 3.0694   380.5 min
  step  63100  loss 3.1337  (kl 3.0492  ce 3.3873)  lr 1.05e-03  381.1 min
  step  63200  loss 3.1007  (kl 3.0314  ce 3.3086)  lr 1.05e-03  381.7 min
  step  63300  loss 3.0154  (kl 2.8881  ce 3.3974)  lr 1.05e-03  382.3 min
  step  63400  loss 3.0347  (kl 2.9041  ce 3.4264)  lr 1.05e-03  382.9 min
  step  63500  loss 3.0732  (kl 2.9405  ce 3.4711)  lr 1.05e-03  383.5 min
  step  63600  loss 3.0679  (kl 2.9666  ce 3.3717)  lr 1.05e-03  384.1 min
  step  63700  loss 3.0707  (kl 2.9894  ce 3.3146)  lr 1.05e-03  384.7 min
  step  63800  loss 3.0891  (kl 2.9683  ce 3.4517)  lr 1.04e-03  385.3 min
  step  63900  loss 3.0287  (kl 2.9409  ce 3.2922)  lr 1.04e-03  385.9 min
  step  64000  loss 3.0633  (kl 2.9575  ce 3.3805)  lr 1.04e-03  386.5 min
step  64000  tokens   2097.2M  val loss 2.9272  masked acc 0.4865  train 3.0678   386.5 min
  step  64100  loss 3.0407  (kl 2.9397  ce 3.3437)  lr 1.04e-03  387.1 min
  step  64200  loss 3.0314  (kl 2.9099  ce 3.3961)  lr 1.04e-03  387.7 min
  step  64300  loss 3.0371  (kl 2.9857  ce 3.1913)  lr 1.04e-03  388.3 min
  step  64400  loss 3.0479  (kl 2.9744  ce 3.2683)  lr 1.04e-03  388.9 min
  step  64500  loss 3.0766  (kl 2.9733  ce 3.3866)  lr 1.04e-03  389.5 min
  step  64600  loss 3.0407  (kl 2.9517  ce 3.3076)  lr 1.03e-03  390.1 min
  checkpoint at step 64699
  step  64700  loss 3.1931  (kl 3.1494  ce 3.3240)  lr 1.03e-03  390.7 min
  step  64800  loss 3.0360  (kl 2.9323  ce 3.3473)  lr 1.03e-03  391.3 min
  step  64900  loss 2.9845  (kl 2.8624  ce 3.3507)  lr 1.03e-03  391.9 min
  step  65000  loss 3.0011  (kl 2.8788  ce 3.3680)  lr 1.03e-03  392.5 min
step  65000  tokens   2129.9M  val loss 2.9406  masked acc 0.4875  train 3.0489   392.6 min
  step  65100  loss 3.0143  (kl 2.8796  ce 3.4183)  lr 1.03e-03  393.2 min
  step  65200  loss 3.1146  (kl 3.0170  ce 3.4077)  lr 1.03e-03  393.8 min
  step  65300  loss 3.0379  (kl 2.9427  ce 3.3235)  lr 1.03e-03  394.4 min
  step  65400  loss 3.0922  (kl 2.9899  ce 3.3989)  lr 1.02e-03  395.0 min
  step  65500  loss 3.0483  (kl 2.9494  ce 3.3451)  lr 1.02e-03  395.6 min
  step  65600  loss 3.0840  (kl 2.9563  ce 3.4672)  lr 1.02e-03  396.2 min
  step  65700  loss 3.1298  (kl 3.0517  ce 3.3642)  lr 1.02e-03  396.8 min
  step  65800  loss 3.0432  (kl 2.9300  ce 3.3827)  lr 1.02e-03  397.4 min
  step  65900  loss 3.0317  (kl 2.9109  ce 3.3941)  lr 1.02e-03  398.0 min
  step  66000  loss 2.9993  (kl 2.8886  ce 3.3315)  lr 1.02e-03  398.6 min
step  66000  tokens   2162.7M  val loss 2.9169  masked acc 0.4879  train 3.0595   398.6 min
  step  66100  loss 3.0776  (kl 2.9890  ce 3.3435)  lr 1.02e-03  399.2 min
  step  66200  loss 3.2474  (kl 3.2019  ce 3.3840)  lr 1.01e-03  399.8 min
  step  66300  loss 3.1122  (kl 3.0290  ce 3.3619)  lr 1.01e-03  400.4 min
  step  66400  loss 2.8878  (kl 2.7678  ce 3.2478)  lr 1.01e-03  401.0 min
  step  66500  loss 3.0179  (kl 2.9252  ce 3.2959)  lr 1.01e-03  401.6 min
  step  66600  loss 3.0381  (kl 2.9575  ce 3.2801)  lr 1.01e-03  402.2 min
  step  66700  loss 2.9390  (kl 2.8138  ce 3.3145)  lr 1.01e-03  402.8 min
  step  66800  loss 3.1594  (kl 3.0943  ce 3.3546)  lr 1.01e-03  403.4 min
  step  66900  loss 3.0455  (kl 2.9314  ce 3.3876)  lr 1.00e-03  404.0 min
  step  67000  loss 3.0996  (kl 3.0401  ce 3.2783)  lr 1.00e-03  404.6 min
step  67000  tokens   2195.5M  val loss 2.9260  masked acc 0.4873  train 3.0625   404.6 min
  step  67100  loss 3.0339  (kl 2.8940  ce 3.4536)  lr 1.00e-03  405.2 min
  step  67200  loss 3.0240  (kl 2.9149  ce 3.3516)  lr 1.00e-03  405.8 min
  step  67300  loss 3.0623  (kl 2.9664  ce 3.3501)  lr 9.99e-04  406.4 min
  step  67400  loss 3.1783  (kl 3.1309  ce 3.3205)  lr 9.98e-04  407.0 min
  step  67500  loss 3.1188  (kl 3.0071  ce 3.4540)  lr 9.97e-04  407.6 min
  step  67600  loss 3.0209  (kl 2.9122  ce 3.3471)  lr 9.95e-04  408.2 min
  step  67700  loss 3.0392  (kl 2.9155  ce 3.4101)  lr 9.94e-04  408.8 min
  step  67800  loss 3.0813  (kl 2.9773  ce 3.3931)  lr 9.93e-04  409.4 min
  step  67900  loss 3.0888  (kl 2.9991  ce 3.3580)  lr 9.92e-04  410.0 min
  step  68000  loss 3.0346  (kl 2.9551  ce 3.2729)  lr 9.90e-04  410.6 min
step  68000  tokens   2228.2M  val loss 2.9324  masked acc 0.4878  train 3.0682   410.7 min
  step  68100  loss 3.0885  (kl 3.0216  ce 3.2892)  lr 9.89e-04  411.3 min
  step  68200  loss 3.0814  (kl 2.9966  ce 3.3358)  lr 9.88e-04  411.9 min
  step  68300  loss 2.9974  (kl 2.8988  ce 3.2931)  lr 9.86e-04  412.5 min
  step  68400  loss 2.9922  (kl 2.8842  ce 3.3162)  lr 9.85e-04  413.1 min
  step  68500  loss 2.9616  (kl 2.8440  ce 3.3143)  lr 9.84e-04  413.7 min
  step  68600  loss 3.0114  (kl 2.8963  ce 3.3565)  lr 9.82e-04  414.3 min
  step  68700  loss 3.0107  (kl 2.8894  ce 3.3747)  lr 9.81e-04  414.9 min
  step  68800  loss 3.0851  (kl 3.0161  ce 3.2923)  lr 9.80e-04  415.4 min
  step  68900  loss 3.0417  (kl 2.9617  ce 3.2817)  lr 9.78e-04  416.1 min
  step  69000  loss 3.0697  (kl 2.9767  ce 3.3484)  lr 9.77e-04  416.6 min
step  69000  tokens   2261.0M  val loss 2.9343  masked acc 0.4877  train 3.0340   416.7 min
  step  69100  loss 3.0026  (kl 2.9426  ce 3.1825)  lr 9.76e-04  417.3 min
  step  69200  loss 3.0221  (kl 2.9328  ce 3.2898)  lr 9.74e-04  417.9 min
  step  69300  loss 3.1367  (kl 3.0541  ce 3.3843)  lr 9.73e-04  418.5 min
  step  69400  loss 2.9646  (kl 2.8646  ce 3.2646)  lr 9.72e-04  419.1 min
  step  69500  loss 2.9963  (kl 2.8777  ce 3.3521)  lr 9.70e-04  419.7 min
  step  69600  loss 3.1472  (kl 3.0617  ce 3.4040)  lr 9.69e-04  420.3 min
  checkpoint at step 69676
  step  69700  loss 3.0706  (kl 3.0146  ce 3.2385)  lr 9.68e-04  420.9 min
  step  69800  loss 2.9346  (kl 2.8081  ce 3.3143)  lr 9.66e-04  421.5 min
  step  69900  loss 3.0079  (kl 2.9453  ce 3.1956)  lr 9.65e-04  422.1 min
  step  70000  loss 3.0529  (kl 2.9418  ce 3.3860)  lr 9.64e-04  422.7 min
step  70000  tokens   2293.8M  val loss 2.9348  masked acc 0.4889  train 3.0335   422.8 min
  step  70100  loss 3.0869  (kl 3.0216  ce 3.2827)  lr 9.62e-04  423.4 min
  step  70200  loss 3.0283  (kl 2.9434  ce 3.2830)  lr 9.61e-04  424.0 min
  step  70300  loss 2.9262  (kl 2.8112  ce 3.2712)  lr 9.60e-04  424.6 min
  step  70400  loss 2.9622  (kl 2.8444  ce 3.3156)  lr 9.59e-04  425.2 min
  step  70500  loss 3.0303  (kl 2.9488  ce 3.2748)  lr 9.57e-04  425.8 min
  step  70600  loss 3.1509  (kl 3.1079  ce 3.2799)  lr 9.56e-04  426.4 min
  step  70700  loss 2.9232  (kl 2.8037  ce 3.2817)  lr 9.55e-04  427.0 min
  step  70800  loss 3.0076  (kl 2.8851  ce 3.3751)  lr 9.53e-04  427.6 min
  step  70900  loss 3.1335  (kl 3.0388  ce 3.4176)  lr 9.52e-04  428.2 min
  step  71000  loss 3.0304  (kl 2.9802  ce 3.1809)  lr 9.51e-04  428.8 min
step  71000  tokens   2326.5M  val loss 2.9407  masked acc 0.4897  train 3.0279   428.8 min
  step  71100  loss 3.0129  (kl 2.9354  ce 3.2454)  lr 9.49e-04  429.4 min
  step  71200  loss 3.1385  (kl 3.0586  ce 3.3781)  lr 9.48e-04  430.0 min
  step  71300  loss 2.9828  (kl 2.8895  ce 3.2628)  lr 9.47e-04  430.6 min
  step  71400  loss 3.0929  (kl 3.0004  ce 3.3705)  lr 9.45e-04  431.2 min
  step  71500  loss 2.9727  (kl 2.8787  ce 3.2548)  lr 9.44e-04  431.8 min
  step  71600  loss 3.0283  (kl 2.9376  ce 3.3007)  lr 9.43e-04  432.4 min
  step  71700  loss 2.9482  (kl 2.8262  ce 3.3141)  lr 9.41e-04  433.0 min
  step  71800  loss 3.0807  (kl 2.9796  ce 3.3838)  lr 9.40e-04  433.6 min
  step  71900  loss 3.0350  (kl 2.9468  ce 3.2998)  lr 9.39e-04  434.2 min
  step  72000  loss 3.0332  (kl 2.9427  ce 3.3046)  lr 9.37e-04  434.8 min
step  72000  tokens   2359.3M  val loss 2.9164  masked acc 0.4895  train 3.0325   434.8 min
  step  72100  loss 3.0406  (kl 2.9421  ce 3.3361)  lr 9.36e-04  435.4 min
  step  72200  loss 3.0270  (kl 2.9243  ce 3.3350)  lr 9.35e-04  436.0 min
  step  72300  loss 3.0394  (kl 2.9519  ce 3.3021)  lr 9.33e-04  436.6 min
  step  72400  loss 3.0203  (kl 2.8842  ce 3.4287)  lr 9.32e-04  437.2 min
  step  72500  loss 3.0084  (kl 2.9071  ce 3.3122)  lr 9.31e-04  437.8 min
  step  72600  loss 2.9821  (kl 2.8641  ce 3.3359)  lr 9.29e-04  438.4 min
  step  72700  loss 3.0733  (kl 2.9675  ce 3.3908)  lr 9.28e-04  439.0 min
  step  72800  loss 3.0070  (kl 2.8729  ce 3.4093)  lr 9.27e-04  439.6 min
  step  72900  loss 2.9925  (kl 2.9043  ce 3.2570)  lr 9.25e-04  440.2 min
  step  73000  loss 3.0566  (kl 2.9606  ce 3.3448)  lr 9.24e-04  440.8 min
step  73000  tokens   2392.1M  val loss 2.9085  masked acc 0.4904  train 3.0247   440.8 min
  step  73100  loss 2.9678  (kl 2.8782  ce 3.2366)  lr 9.23e-04  441.4 min
  step  73200  loss 3.0560  (kl 2.9596  ce 3.3452)  lr 9.21e-04  442.0 min
  step  73300  loss 3.0352  (kl 2.9383  ce 3.3262)  lr 9.20e-04  442.6 min
  step  73400  loss 3.0263  (kl 2.9250  ce 3.3302)  lr 9.18e-04  443.2 min
  step  73500  loss 3.0303  (kl 2.9155  ce 3.3747)  lr 9.17e-04  443.8 min
  step  73600  loss 3.0108  (kl 2.9177  ce 3.2903)  lr 9.16e-04  444.4 min
  step  73700  loss 2.9883  (kl 2.8706  ce 3.3412)  lr 9.14e-04  445.0 min
  step  73800  loss 2.9182  (kl 2.7511  ce 3.4195)  lr 9.13e-04  445.6 min
  step  73900  loss 3.0079  (kl 2.9393  ce 3.2138)  lr 9.12e-04  446.2 min
  step  74000  loss 2.9962  (kl 2.8737  ce 3.3636)  lr 9.10e-04  446.8 min
step  74000  tokens   2424.8M  val loss 2.9311  masked acc 0.4904  train 3.0037   446.9 min
  step  74100  loss 3.0663  (kl 2.9791  ce 3.3279)  lr 9.09e-04  447.5 min
  step  74200  loss 3.0523  (kl 2.9620  ce 3.3232)  lr 9.08e-04  448.1 min
  step  74300  loss 2.9645  (kl 2.8945  ce 3.1746)  lr 9.06e-04  448.7 min
  step  74400  loss 3.0061  (kl 2.8753  ce 3.3987)  lr 9.05e-04  449.3 min
  step  74500  loss 3.0281  (kl 2.9362  ce 3.3037)  lr 9.04e-04  449.9 min
  step  74600  loss 2.9964  (kl 2.8807  ce 3.3435)  lr 9.02e-04  450.5 min
  checkpoint at step 74656
  step  74700  loss 3.0448  (kl 2.9546  ce 3.3154)  lr 9.01e-04  451.1 min
  step  74800  loss 2.9338  (kl 2.8163  ce 3.2863)  lr 9.00e-04  451.7 min
  step  74900  loss 3.1575  (kl 3.0801  ce 3.3898)  lr 8.98e-04  452.3 min
  step  75000  loss 2.9514  (kl 2.8314  ce 3.3115)  lr 8.97e-04  452.9 min
step  75000  tokens   2457.6M  val loss 2.8922  masked acc 0.4911  train 3.0201   452.9 min
  step  75100  loss 2.9919  (kl 2.9225  ce 3.2002)  lr 8.96e-04  453.5 min
  step  75200  loss 3.0081  (kl 2.9076  ce 3.3098)  lr 8.94e-04  454.1 min
  step  75300  loss 3.0334  (kl 2.9210  ce 3.3705)  lr 8.93e-04  454.7 min
  step  75400  loss 3.0177  (kl 2.9028  ce 3.3622)  lr 8.92e-04  455.3 min
  step  75500  loss 2.9605  (kl 2.8749  ce 3.2171)  lr 8.90e-04  455.9 min
  step  75600  loss 2.9967  (kl 2.8793  ce 3.3488)  lr 8.89e-04  456.5 min
  step  75700  loss 3.0794  (kl 2.9619  ce 3.4319)  lr 8.88e-04  457.1 min
  step  75800  loss 3.0911  (kl 2.9963  ce 3.3756)  lr 8.86e-04  457.7 min
  step  75900  loss 3.0063  (kl 2.8929  ce 3.3464)  lr 8.85e-04  458.3 min
  step  76000  loss 3.0277  (kl 2.9244  ce 3.3375)  lr 8.84e-04  458.9 min
step  76000  tokens   2490.4M  val loss 2.9227  masked acc 0.4917  train 3.0213   459.0 min
  step  76100  loss 2.9814  (kl 2.8590  ce 3.3485)  lr 8.82e-04  459.5 min
  step  76200  loss 2.9806  (kl 2.8738  ce 3.3011)  lr 8.81e-04  460.1 min
  step  76300  loss 3.0032  (kl 2.8987  ce 3.3167)  lr 8.79e-04  460.7 min
  step  76400  loss 3.0517  (kl 2.9509  ce 3.3544)  lr 8.78e-04  461.3 min
  step  76500  loss 3.0602  (kl 2.9684  ce 3.3358)  lr 8.77e-04  461.9 min
  step  76600  loss 3.1619  (kl 3.0462  ce 3.5088)  lr 8.75e-04  462.5 min
  step  76700  loss 3.1355  (kl 3.0775  ce 3.3097)  lr 8.74e-04  463.1 min
  step  76800  loss 3.0285  (kl 2.9485  ce 3.2683)  lr 8.73e-04  463.7 min
  step  76900  loss 2.9984  (kl 2.8991  ce 3.2966)  lr 8.71e-04  464.3 min
  step  77000  loss 2.9390  (kl 2.8187  ce 3.2998)  lr 8.70e-04  464.9 min
step  77000  tokens   2523.1M  val loss 2.9146  masked acc 0.4910  train 3.0341   465.0 min
  step  77100  loss 3.0790  (kl 2.9756  ce 3.3893)  lr 8.69e-04  465.6 min
  step  77200  loss 3.0165  (kl 2.9238  ce 3.2945)  lr 8.67e-04  466.2 min
  step  77300  loss 3.0630  (kl 2.9538  ce 3.3907)  lr 8.66e-04  466.8 min
  step  77400  loss 2.9788  (kl 2.8965  ce 3.2256)  lr 8.65e-04  467.4 min
  step  77500  loss 3.0819  (kl 3.0351  ce 3.2222)  lr 8.63e-04  468.0 min
  step  77600  loss 3.0000  (kl 2.8962  ce 3.3115)  lr 8.62e-04  468.6 min
  step  77700  loss 3.0356  (kl 2.9156  ce 3.3957)  lr 8.61e-04  469.2 min
  step  77800  loss 3.0455  (kl 2.9798  ce 3.2426)  lr 8.59e-04  469.7 min
  step  77900  loss 2.9593  (kl 2.8854  ce 3.1808)  lr 8.58e-04  470.3 min
  step  78000  loss 2.9539  (kl 2.8482  ce 3.2709)  lr 8.57e-04  470.9 min
step  78000  tokens   2555.9M  val loss 2.9195  masked acc 0.4905  train 3.0214   471.0 min
  step  78100  loss 3.0058  (kl 2.8765  ce 3.3935)  lr 8.55e-04  471.6 min
  step  78200  loss 3.0088  (kl 2.9371  ce 3.2240)  lr 8.54e-04  472.2 min
  step  78300  loss 2.8930  (kl 2.7632  ce 3.2823)  lr 8.52e-04  472.8 min
  step  78400  loss 3.0722  (kl 2.9674  ce 3.3865)  lr 8.51e-04  473.4 min
  step  78500  loss 3.0582  (kl 2.9531  ce 3.3734)  lr 8.50e-04  474.0 min
  step  78600  loss 2.9360  (kl 2.8163  ce 3.2952)  lr 8.48e-04  474.6 min
  step  78700  loss 2.8664  (kl 2.7545  ce 3.2021)  lr 8.47e-04  475.2 min
  step  78800  loss 3.1040  (kl 3.0220  ce 3.3502)  lr 8.46e-04  475.8 min
  step  78900  loss 3.1146  (kl 3.0434  ce 3.3280)  lr 8.44e-04  476.4 min
  step  79000  loss 2.9358  (kl 2.8308  ce 3.2507)  lr 8.43e-04  477.0 min
step  79000  tokens   2588.7M  val loss 2.9115  masked acc 0.4916  train 2.9995   477.0 min
  step  79100  loss 3.0371  (kl 2.9484  ce 3.3035)  lr 8.42e-04  477.6 min
  step  79200  loss 3.0145  (kl 2.9242  ce 3.2852)  lr 8.40e-04  478.2 min
  step  79300  loss 2.9593  (kl 2.8412  ce 3.3134)  lr 8.39e-04  478.8 min
  step  79400  loss 2.9867  (kl 2.8752  ce 3.3213)  lr 8.38e-04  479.4 min
  step  79500  loss 3.0015  (kl 2.8621  ce 3.4197)  lr 8.36e-04  480.0 min
  step  79600  loss 3.0561  (kl 2.9539  ce 3.3627)  lr 8.35e-04  480.6 min
  checkpoint at step 79634
  step  79700  loss 2.9936  (kl 2.9218  ce 3.2092)  lr 8.34e-04  481.3 min
  step  79800  loss 2.9943  (kl 2.8880  ce 3.3132)  lr 8.32e-04  481.9 min
  step  79900  loss 3.0402  (kl 2.8973  ce 3.4687)  lr 8.31e-04  482.5 min
  step  80000  loss 3.0482  (kl 2.9710  ce 3.2798)  lr 8.29e-04  483.1 min
step  80000  tokens   2621.4M  val loss 2.8896  masked acc 0.4919  train 3.0131   483.1 min
  step  80100  loss 2.9515  (kl 2.8348  ce 3.3015)  lr 8.28e-04  483.7 min
  step  80200  loss 3.0397  (kl 2.9446  ce 3.3251)  lr 8.27e-04  484.3 min
  step  80300  loss 2.9218  (kl 2.8231  ce 3.2178)  lr 8.25e-04  484.9 min
  step  80400  loss 2.9974  (kl 2.8741  ce 3.3675)  lr 8.24e-04  485.5 min
  step  80500  loss 3.0054  (kl 2.9046  ce 3.3080)  lr 8.23e-04  486.1 min
  step  80600  loss 2.9395  (kl 2.8200  ce 3.2978)  lr 8.21e-04  486.7 min
  step  80700  loss 3.0546  (kl 2.9532  ce 3.3585)  lr 8.20e-04  487.3 min
  step  80800  loss 2.9680  (kl 2.8622  ce 3.2853)  lr 8.19e-04  487.9 min
  step  80900  loss 2.9959  (kl 2.9048  ce 3.2692)  lr 8.17e-04  488.5 min
  step  81000  loss 2.9820  (kl 2.8729  ce 3.3094)  lr 8.16e-04  489.1 min
step  81000  tokens   2654.2M  val loss 2.9249  masked acc 0.4925  train 2.9856   489.1 min
  step  81100  loss 2.9678  (kl 2.8378  ce 3.3577)  lr 8.15e-04  489.7 min
  step  81200  loss 2.9888  (kl 2.9166  ce 3.2055)  lr 8.13e-04  490.3 min
  step  81300  loss 2.9738  (kl 2.8625  ce 3.3077)  lr 8.12e-04  490.9 min
  step  81400  loss 3.0101  (kl 2.9278  ce 3.2571)  lr 8.11e-04  491.5 min
  step  81500  loss 3.0365  (kl 2.9612  ce 3.2625)  lr 8.09e-04  492.1 min
  step  81600  loss 2.9937  (kl 2.8883  ce 3.3098)  lr 8.08e-04  492.7 min
  step  81700  loss 3.0034  (kl 2.9076  ce 3.2906)  lr 8.06e-04  493.3 min
  step  81800  loss 3.0820  (kl 3.0285  ce 3.2423)  lr 8.05e-04  493.9 min
  step  81900  loss 3.0441  (kl 2.9339  ce 3.3747)  lr 8.04e-04  494.5 min
  step  82000  loss 3.0015  (kl 2.9148  ce 3.2616)  lr 8.02e-04  495.1 min
step  82000  tokens   2687.0M  val loss 2.9182  masked acc 0.4927  train 3.0102   495.2 min
  step  82100  loss 2.9352  (kl 2.8292  ce 3.2531)  lr 8.01e-04  495.8 min
  step  82200  loss 3.0348  (kl 2.9438  ce 3.3080)  lr 8.00e-04  496.3 min
  step  82300  loss 2.9164  (kl 2.8259  ce 3.1880)  lr 7.98e-04  496.9 min
  step  82400  loss 3.0166  (kl 2.8755  ce 3.4396)  lr 7.97e-04  497.5 min
  step  82500  loss 3.0011  (kl 2.9078  ce 3.2810)  lr 7.96e-04  498.1 min
  step  82600  loss 2.9375  (kl 2.8287  ce 3.2640)  lr 7.94e-04  498.7 min
  step  82700  loss 2.9794  (kl 2.8850  ce 3.2626)  lr 7.93e-04  499.3 min
  step  82800  loss 3.0388  (kl 2.9476  ce 3.3125)  lr 7.92e-04  499.9 min
  step  82900  loss 2.9767  (kl 2.8993  ce 3.2090)  lr 7.90e-04  500.5 min
  step  83000  loss 3.0237  (kl 2.9430  ce 3.2657)  lr 7.89e-04  501.1 min
step  83000  tokens   2719.7M  val loss 2.9329  masked acc 0.4923  train 2.9860   501.2 min
  step  83100  loss 3.0209  (kl 2.9005  ce 3.3821)  lr 7.88e-04  501.8 min
  step  83200  loss 2.8640  (kl 2.7278  ce 3.2726)  lr 7.86e-04  502.4 min
  step  83300  loss 3.1074  (kl 3.0035  ce 3.4192)  lr 7.85e-04  503.0 min
  step  83400  loss 2.9245  (kl 2.8260  ce 3.2198)  lr 7.83e-04  503.6 min
  step  83500  loss 2.9441  (kl 2.8685  ce 3.1709)  lr 7.82e-04  504.2 min
  step  83600  loss 2.8907  (kl 2.7802  ce 3.2223)  lr 7.81e-04  504.8 min
  step  83700  loss 3.0137  (kl 2.8915  ce 3.3803)  lr 7.79e-04  505.4 min
  step  83800  loss 3.0121  (kl 2.8913  ce 3.3747)  lr 7.78e-04  506.0 min
  step  83900  loss 3.0186  (kl 2.8974  ce 3.3825)  lr 7.77e-04  506.6 min
  step  84000  loss 2.8853  (kl 2.8029  ce 3.1323)  lr 7.75e-04  507.2 min
step  84000  tokens   2752.5M  val loss 2.8884  masked acc 0.4942  train 2.9681   507.2 min
  step  84100  loss 2.9918  (kl 2.8969  ce 3.2762)  lr 7.74e-04  507.8 min
  step  84200  loss 2.8615  (kl 2.7376  ce 3.2330)  lr 7.73e-04  508.4 min
  step  84300  loss 3.0020  (kl 2.9052  ce 3.2924)  lr 7.71e-04  509.0 min
  step  84400  loss 2.9878  (kl 2.8853  ce 3.2953)  lr 7.70e-04  509.6 min
  step  84500  loss 2.8952  (kl 2.7824  ce 3.2337)  lr 7.69e-04  510.2 min
  step  84600  loss 2.9914  (kl 2.9199  ce 3.2060)  lr 7.67e-04  510.8 min
  checkpoint at step 84615
  step  84700  loss 3.0459  (kl 2.9544  ce 3.3206)  lr 7.66e-04  511.4 min
  step  84800  loss 2.8711  (kl 2.7704  ce 3.1733)  lr 7.65e-04  512.0 min
  step  84900  loss 2.9551  (kl 2.8572  ce 3.2485)  lr 7.63e-04  512.6 min
  step  85000  loss 2.9075  (kl 2.7703  ce 3.3191)  lr 7.62e-04  513.2 min
step  85000  tokens   2785.3M  val loss 2.8620  masked acc 0.4917  train 2.9509   513.3 min
  step  85100  loss 2.9357  (kl 2.8263  ce 3.2639)  lr 7.61e-04  513.9 min
  step  85200  loss 2.8943  (kl 2.7918  ce 3.2017)  lr 7.59e-04  514.5 min
  step  85300  loss 3.0129  (kl 2.9217  ce 3.2867)  lr 7.58e-04  515.1 min
  step  85400  loss 2.9156  (kl 2.8125  ce 3.2248)  lr 7.56e-04  515.7 min
  step  85500  loss 2.9888  (kl 2.9131  ce 3.2158)  lr 7.55e-04  516.3 min
  step  85600  loss 2.9382  (kl 2.8570  ce 3.1819)  lr 7.54e-04  516.9 min
  step  85700  loss 3.1389  (kl 3.0783  ce 3.3209)  lr 7.52e-04  517.5 min
  step  85800  loss 3.0700  (kl 2.9949  ce 3.2953)  lr 7.51e-04  518.1 min
  step  85900  loss 3.0511  (kl 2.9426  ce 3.3766)  lr 7.50e-04  518.7 min
  step  86000  loss 2.9725  (kl 2.8337  ce 3.3890)  lr 7.48e-04  519.3 min
step  86000  tokens   2818.0M  val loss 2.8874  masked acc 0.4940  train 2.9918   519.3 min
  step  86100  loss 2.9069  (kl 2.8138  ce 3.1864)  lr 7.47e-04  519.9 min
  step  86200  loss 3.0115  (kl 2.8916  ce 3.3710)  lr 7.46e-04  520.5 min
  step  86300  loss 2.9081  (kl 2.8080  ce 3.2081)  lr 7.44e-04  521.1 min
  step  86400  loss 3.0332  (kl 2.9271  ce 3.3516)  lr 7.43e-04  521.7 min
  step  86500  loss 3.0529  (kl 2.9411  ce 3.3880)  lr 7.42e-04  522.3 min
  step  86600  loss 3.0057  (kl 2.8958  ce 3.3353)  lr 7.40e-04  522.9 min
  step  86700  loss 2.9417  (kl 2.8431  ce 3.2375)  lr 7.39e-04  523.5 min
  step  86800  loss 2.9661  (kl 2.8647  ce 3.2700)  lr 7.38e-04  524.1 min
  step  86900  loss 3.0701  (kl 2.9597  ce 3.4012)  lr 7.36e-04  524.7 min
  step  87000  loss 2.9913  (kl 2.8516  ce 3.4105)  lr 7.35e-04  525.3 min
step  87000  tokens   2850.8M  val loss 2.9000  masked acc 0.4938  train 2.9887   525.3 min
  step  87100  loss 3.0769  (kl 2.9832  ce 3.3580)  lr 7.34e-04  525.9 min
  step  87200  loss 3.0884  (kl 2.9846  ce 3.3997)  lr 7.32e-04  526.5 min
  step  87300  loss 3.1432  (kl 3.0715  ce 3.3583)  lr 7.31e-04  527.1 min
  step  87400  loss 2.9927  (kl 2.8782  ce 3.3365)  lr 7.30e-04  527.7 min
  step  87500  loss 3.0887  (kl 3.0059  ce 3.3371)  lr 7.28e-04  528.3 min
  step  87600  loss 2.9466  (kl 2.8010  ce 3.3833)  lr 7.27e-04  528.9 min
  step  87700  loss 2.9371  (kl 2.7998  ce 3.3489)  lr 7.26e-04  529.5 min
  step  87800  loss 2.9343  (kl 2.8651  ce 3.1417)  lr 7.24e-04  530.1 min
  step  87900  loss 3.0557  (kl 2.9481  ce 3.3785)  lr 7.23e-04  530.7 min
  step  88000  loss 3.0695  (kl 2.9881  ce 3.3138)  lr 7.22e-04  531.3 min
step  88000  tokens   2883.6M  val loss 2.8810  masked acc 0.4937  train 3.0333   531.4 min
  step  88100  loss 3.0530  (kl 2.9542  ce 3.3494)  lr 7.20e-04  531.9 min
  step  88200  loss 2.8982  (kl 2.7884  ce 3.2276)  lr 7.19e-04  532.5 min
  step  88300  loss 3.0288  (kl 2.9195  ce 3.3569)  lr 7.18e-04  533.1 min
  step  88400  loss 3.0326  (kl 2.9342  ce 3.3277)  lr 7.16e-04  533.7 min
  step  88500  loss 2.9959  (kl 2.8932  ce 3.3041)  lr 7.15e-04  534.3 min
  step  88600  loss 2.9064  (kl 2.7857  ce 3.2688)  lr 7.14e-04  534.9 min
  step  88700  loss 2.9633  (kl 2.8347  ce 3.3492)  lr 7.12e-04  535.5 min
  step  88800  loss 3.0829  (kl 3.0229  ce 3.2626)  lr 7.11e-04  536.1 min
  step  88900  loss 3.0045  (kl 2.9117  ce 3.2831)  lr 7.10e-04  536.7 min
  step  89000  loss 2.9889  (kl 2.9037  ce 3.2445)  lr 7.08e-04  537.3 min
step  89000  tokens   2916.4M  val loss 2.8824  masked acc 0.4942  train 2.9955   537.4 min
  step  89100  loss 3.0665  (kl 2.9908  ce 3.2937)  lr 7.07e-04  538.0 min
  step  89200  loss 3.0270  (kl 2.9462  ce 3.2696)  lr 7.06e-04  538.6 min
  step  89300  loss 2.9336  (kl 2.8139  ce 3.2928)  lr 7.04e-04  539.2 min
  step  89400  loss 3.0844  (kl 2.9765  ce 3.4079)  lr 7.03e-04  539.8 min
  step  89500  loss 2.9384  (kl 2.8241  ce 3.2813)  lr 7.02e-04  540.4 min
  checkpoint at step 89595
  step  89600  loss 2.9078  (kl 2.8081  ce 3.2072)  lr 7.00e-04  541.0 min
  step  89700  loss 3.0215  (kl 2.9021  ce 3.3797)  lr 6.99e-04  541.6 min
  step  89800  loss 3.0554  (kl 2.9951  ce 3.2361)  lr 6.98e-04  542.2 min
  step  89900  loss 2.9827  (kl 2.8999  ce 3.2310)  lr 6.96e-04  542.8 min
  step  90000  loss 2.9908  (kl 2.8849  ce 3.3082)  lr 6.95e-04  543.4 min
step  90000  tokens   2949.1M  val loss 2.8817  masked acc 0.4946  train 3.0008   543.4 min
  step  90100  loss 2.9181  (kl 2.8548  ce 3.1082)  lr 6.94e-04  544.0 min
  step  90200  loss 2.9920  (kl 2.8836  ce 3.3173)  lr 6.92e-04  544.6 min
  step  90300  loss 2.9228  (kl 2.8092  ce 3.2635)  lr 6.91e-04  545.2 min
  step  90400  loss 2.9341  (kl 2.8452  ce 3.2010)  lr 6.90e-04  545.8 min
  step  90500  loss 2.9809  (kl 2.9055  ce 3.2072)  lr 6.88e-04  546.4 min
  step  90600  loss 2.9290  (kl 2.7808  ce 3.3734)  lr 6.87e-04  547.0 min
  step  90700  loss 2.9887  (kl 2.9073  ce 3.2329)  lr 6.86e-04  547.6 min
  step  90800  loss 2.9214  (kl 2.8091  ce 3.2584)  lr 6.84e-04  548.2 min
  step  90900  loss 2.9346  (kl 2.8088  ce 3.3119)  lr 6.83e-04  548.8 min
  step  91000  loss 2.9113  (kl 2.8113  ce 3.2113)  lr 6.82e-04  549.4 min
step  91000  tokens   2981.9M  val loss 2.8810  masked acc 0.4947  train 2.9433   549.5 min
  step  91100  loss 2.8424  (kl 2.7501  ce 3.1191)  lr 6.80e-04  550.1 min
  step  91200  loss 2.9673  (kl 2.8861  ce 3.2110)  lr 6.79e-04  550.7 min
  step  91300  loss 3.0691  (kl 2.9714  ce 3.3621)  lr 6.78e-04  551.3 min
  step  91400  loss 2.9163  (kl 2.7884  ce 3.2999)  lr 6.76e-04  551.8 min
  step  91500  loss 2.9047  (kl 2.7977  ce 3.2257)  lr 6.75e-04  552.4 min
  step  91600  loss 2.9143  (kl 2.7819  ce 3.3115)  lr 6.74e-04  553.0 min
  step  91700  loss 2.9991  (kl 2.8648  ce 3.4021)  lr 6.72e-04  553.6 min
  step  91800  loss 2.9440  (kl 2.8448  ce 3.2414)  lr 6.71e-04  554.2 min
  step  91900  loss 3.1149  (kl 3.0487  ce 3.3133)  lr 6.70e-04  554.8 min
  step  92000  loss 3.0294  (kl 2.9563  ce 3.2489)  lr 6.68e-04  555.4 min
step  92000  tokens   3014.7M  val loss 2.8917  masked acc 0.4934  train 2.9701   555.5 min
  step  92100  loss 2.9325  (kl 2.8317  ce 3.2350)  lr 6.67e-04  556.1 min
  step  92200  loss 2.8711  (kl 2.7679  ce 3.1808)  lr 6.66e-04  556.7 min
  step  92300  loss 2.9491  (kl 2.8456  ce 3.2597)  lr 6.65e-04  557.3 min
  step  92400  loss 2.9881  (kl 2.8980  ce 3.2585)  lr 6.63e-04  557.9 min
  step  92500  loss 2.9866  (kl 2.8910  ce 3.2733)  lr 6.62e-04  558.5 min
  step  92600  loss 3.0294  (kl 2.9626  ce 3.2298)  lr 6.61e-04  559.1 min
  step  92700  loss 2.9440  (kl 2.8371  ce 3.2644)  lr 6.59e-04  559.7 min
  step  92800  loss 2.9808  (kl 2.8727  ce 3.3051)  lr 6.58e-04  560.3 min
  step  92900  loss 3.0127  (kl 2.9118  ce 3.3154)  lr 6.57e-04  560.9 min
  step  93000  loss 2.8278  (kl 2.7255  ce 3.1348)  lr 6.55e-04  561.5 min
step  93000  tokens   3047.4M  val loss 2.8663  masked acc 0.4969  train 2.9522   561.5 min
  step  93100  loss 2.9959  (kl 2.9162  ce 3.2350)  lr 6.54e-04  562.1 min
  step  93200  loss 2.9243  (kl 2.8258  ce 3.2199)  lr 6.53e-04  562.7 min
  step  93300  loss 2.9736  (kl 2.8541  ce 3.3319)  lr 6.51e-04  563.3 min
  step  93400  loss 2.9966  (kl 2.9327  ce 3.1883)  lr 6.50e-04  563.9 min
  step  93500  loss 2.9418  (kl 2.8321  ce 3.2709)  lr 6.49e-04  564.5 min
  step  93600  loss 3.0161  (kl 2.9334  ce 3.2645)  lr 6.47e-04  565.1 min
  step  93700  loss 2.9836  (kl 2.8564  ce 3.3654)  lr 6.46e-04  565.7 min
  step  93800  loss 3.0501  (kl 2.9345  ce 3.3971)  lr 6.45e-04  566.3 min
  step  93900  loss 2.9656  (kl 2.8888  ce 3.1961)  lr 6.44e-04  566.9 min
  step  94000  loss 2.8442  (kl 2.7000  ce 3.2768)  lr 6.42e-04  567.5 min
step  94000  tokens   3080.2M  val loss 2.8788  masked acc 0.4953  train 2.9692   567.5 min
  step  94100  loss 3.0168  (kl 2.9378  ce 3.2537)  lr 6.41e-04  568.1 min
  step  94200  loss 2.9146  (kl 2.7707  ce 3.3462)  lr 6.40e-04  568.7 min
  step  94300  loss 2.9731  (kl 2.8781  ce 3.2580)  lr 6.38e-04  569.3 min
  step  94400  loss 2.9380  (kl 2.8272  ce 3.2702)  lr 6.37e-04  569.9 min
  step  94500  loss 2.9507  (kl 2.8391  ce 3.2855)  lr 6.36e-04  570.5 min
  checkpoint at step 94574
  step  94600  loss 2.9471  (kl 2.8260  ce 3.3104)  lr 6.34e-04  571.2 min
  step  94700  loss 2.8789  (kl 2.7875  ce 3.1532)  lr 6.33e-04  571.8 min
  step  94800  loss 3.0223  (kl 2.9312  ce 3.2956)  lr 6.32e-04  572.4 min
  step  94900  loss 2.8641  (kl 2.7522  ce 3.1999)  lr 6.31e-04  573.0 min
  step  95000  loss 2.8874  (kl 2.7833  ce 3.1996)  lr 6.29e-04  573.6 min
step  95000  tokens   3113.0M  val loss 2.8581  masked acc 0.4961  train 2.9393   573.6 min
  step  95100  loss 2.9556  (kl 2.8498  ce 3.2731)  lr 6.28e-04  574.2 min
  step  95200  loss 2.9975  (kl 2.9097  ce 3.2609)  lr 6.27e-04  574.8 min
  step  95300  loss 2.9719  (kl 2.8851  ce 3.2325)  lr 6.25e-04  575.4 min
  step  95400  loss 2.9741  (kl 2.8877  ce 3.2332)  lr 6.24e-04  576.0 min
  step  95500  loss 2.8787  (kl 2.7321  ce 3.3184)  lr 6.23e-04  576.6 min
  step  95600  loss 3.1221  (kl 3.0647  ce 3.2941)  lr 6.22e-04  577.2 min
  step  95700  loss 3.1222  (kl 3.0265  ce 3.4091)  lr 6.20e-04  577.8 min
  step  95800  loss 2.9550  (kl 2.8324  ce 3.3229)  lr 6.19e-04  578.4 min
  step  95900  loss 2.9252  (kl 2.8122  ce 3.2644)  lr 6.18e-04  579.0 min
  step  96000  loss 2.9522  (kl 2.8662  ce 3.2102)  lr 6.16e-04  579.6 min
step  96000  tokens   3145.7M  val loss 2.8561  masked acc 0.4965  train 2.9854   579.6 min
  step  96100  loss 2.9241  (kl 2.8054  ce 3.2801)  lr 6.15e-04  580.2 min
  step  96200  loss 2.9172  (kl 2.7761  ce 3.3406)  lr 6.14e-04  580.8 min
  step  96300  loss 2.9778  (kl 2.8543  ce 3.3483)  lr 6.12e-04  581.4 min
  step  96400  loss 2.8741  (kl 2.7741  ce 3.1741)  lr 6.11e-04  582.0 min
  step  96500  loss 2.9408  (kl 2.8459  ce 3.2254)  lr 6.10e-04  582.6 min
  step  96600  loss 3.0230  (kl 2.9289  ce 3.3054)  lr 6.09e-04  583.2 min
  step  96700  loss 2.9089  (kl 2.7943  ce 3.2529)  lr 6.07e-04  583.8 min
  step  96800  loss 2.8765  (kl 2.7469  ce 3.2655)  lr 6.06e-04  584.4 min
  step  96900  loss 2.9972  (kl 2.9066  ce 3.2688)  lr 6.05e-04  585.0 min
  step  97000  loss 2.9408  (kl 2.8317  ce 3.2679)  lr 6.04e-04  585.6 min
step  97000  tokens   3178.5M  val loss 2.8614  masked acc 0.4982  train 2.9380   585.7 min
  step  97100  loss 2.9405  (kl 2.8535  ce 3.2017)  lr 6.02e-04  586.3 min
  step  97200  loss 2.9275  (kl 2.8227  ce 3.2420)  lr 6.01e-04  586.8 min
  step  97300  loss 2.9514  (kl 2.8271  ce 3.3243)  lr 6.00e-04  587.4 min
  step  97400  loss 2.9591  (kl 2.8424  ce 3.3093)  lr 5.98e-04  588.0 min
  step  97500  loss 2.9885  (kl 2.9071  ce 3.2329)  lr 5.97e-04  588.6 min
  step  97600  loss 3.0280  (kl 2.9694  ce 3.2041)  lr 5.96e-04  589.2 min
  step  97700  loss 2.9722  (kl 2.8643  ce 3.2962)  lr 5.95e-04  589.8 min
  step  97800  loss 2.8555  (kl 2.7238  ce 3.2503)  lr 5.93e-04  590.4 min
  step  97900  loss 2.9399  (kl 2.8286  ce 3.2737)  lr 5.92e-04  591.0 min
  step  98000  loss 2.8555  (kl 2.7430  ce 3.1931)  lr 5.91e-04  591.6 min
step  98000  tokens   3211.3M  val loss 2.8547  masked acc 0.4962  train 2.9418   591.7 min
  step  98100  loss 2.9393  (kl 2.8616  ce 3.1722)  lr 5.90e-04  592.3 min
  step  98200  loss 2.9589  (kl 2.8209  ce 3.3729)  lr 5.88e-04  592.9 min
  step  98300  loss 2.8587  (kl 2.6918  ce 3.3594)  lr 5.87e-04  593.5 min
  step  98400  loss 2.9523  (kl 2.8373  ce 3.2972)  lr 5.86e-04  594.1 min
  step  98500  loss 2.9216  (kl 2.8344  ce 3.1832)  lr 5.84e-04  594.7 min
  step  98600  loss 2.9890  (kl 2.9110  ce 3.2232)  lr 5.83e-04  595.3 min
  step  98700  loss 2.8725  (kl 2.7487  ce 3.2441)  lr 5.82e-04  595.9 min
  step  98800  loss 2.9663  (kl 2.8535  ce 3.3049)  lr 5.81e-04  596.5 min
  step  98900  loss 2.8875  (kl 2.7580  ce 3.2758)  lr 5.79e-04  597.1 min
  step  99000  loss 2.9748  (kl 2.8240  ce 3.4270)  lr 5.78e-04  597.7 min
step  99000  tokens   3244.0M  val loss 2.8607  masked acc 0.4978  train 2.9321   597.7 min
  step  99100  loss 2.8854  (kl 2.7451  ce 3.3063)  lr 5.77e-04  598.3 min
  step  99200  loss 2.9655  (kl 2.8595  ce 3.2833)  lr 5.76e-04  598.9 min
  step  99300  loss 2.9671  (kl 2.8695  ce 3.2597)  lr 5.74e-04  599.5 min
  step  99400  loss 2.8878  (kl 2.7558  ce 3.2839)  lr 5.73e-04  600.1 min
  step  99500  loss 2.9552  (kl 2.8307  ce 3.3289)  lr 5.72e-04  600.7 min
  checkpoint at step 99554
  step  99600  loss 2.9721  (kl 2.8856  ce 3.2315)  lr 5.71e-04  601.3 min
  step  99700  loss 2.8483  (kl 2.7393  ce 3.1755)  lr 5.69e-04  601.9 min
  step  99800  loss 3.0765  (kl 2.9682  ce 3.4012)  lr 5.68e-04  602.5 min
  step  99900  loss 2.8830  (kl 2.7722  ce 3.2153)  lr 5.67e-04  603.1 min
  step 100000  loss 3.0026  (kl 2.8984  ce 3.3153)  lr 5.66e-04  603.7 min
step 100000  tokens   3276.8M  val loss 2.8633  masked acc 0.4975  train 2.9443   603.8 min
  step 100100  loss 2.8917  (kl 2.7760  ce 3.2387)  lr 5.64e-04  604.4 min
  step 100200  loss 2.8513  (kl 2.7144  ce 3.2621)  lr 5.63e-04  605.0 min
  step 100300  loss 2.9553  (kl 2.8327  ce 3.3230)  lr 5.62e-04  605.6 min
  step 100400  loss 2.8914  (kl 2.8130  ce 3.1267)  lr 5.61e-04  606.2 min
  step 100500  loss 2.8921  (kl 2.7743  ce 3.2456)  lr 5.59e-04  606.8 min
  step 100600  loss 2.8963  (kl 2.7749  ce 3.2604)  lr 5.58e-04  607.4 min
  step 100700  loss 2.9150  (kl 2.7767  ce 3.3299)  lr 5.57e-04  607.9 min
  step 100800  loss 2.8916  (kl 2.7836  ce 3.2153)  lr 5.56e-04  608.5 min
  step 100900  loss 2.9623  (kl 2.8602  ce 3.2685)  lr 5.54e-04  609.1 min
  step 101000  loss 2.9699  (kl 2.8440  ce 3.3476)  lr 5.53e-04  609.7 min
step 101000  tokens   3309.6M  val loss 2.8659  masked acc 0.4958  train 2.9117   609.8 min
  step 101100  loss 2.9524  (kl 2.8044  ce 3.3963)  lr 5.52e-04  610.4 min
  step 101200  loss 2.9498  (kl 2.8468  ce 3.2588)  lr 5.51e-04  611.0 min
  step 101300  loss 2.8834  (kl 2.7789  ce 3.1971)  lr 5.49e-04  611.6 min
  step 101400  loss 2.9281  (kl 2.8497  ce 3.1633)  lr 5.48e-04  612.2 min
  step 101500  loss 2.9021  (kl 2.7930  ce 3.2297)  lr 5.47e-04  612.8 min
  step 101600  loss 3.0452  (kl 2.9302  ce 3.3903)  lr 5.46e-04  613.4 min
  step 101700  loss 2.9192  (kl 2.8070  ce 3.2561)  lr 5.44e-04  614.0 min
  step 101800  loss 2.9935  (kl 2.8764  ce 3.3447)  lr 5.43e-04  614.6 min
  step 101900  loss 2.9345  (kl 2.7925  ce 3.3605)  lr 5.42e-04  615.2 min
  step 102000  loss 2.9362  (kl 2.8273  ce 3.2628)  lr 5.41e-04  615.8 min
step 102000  tokens   3342.3M  val loss 2.8582  masked acc 0.4964  train 2.9444   615.8 min
  step 102100  loss 2.9721  (kl 2.8527  ce 3.3301)  lr 5.40e-04  616.4 min
  step 102200  loss 3.0129  (kl 2.9269  ce 3.2710)  lr 5.38e-04  617.0 min
  step 102300  loss 2.8386  (kl 2.7347  ce 3.1503)  lr 5.37e-04  617.6 min
  step 102400  loss 2.9102  (kl 2.8088  ce 3.2146)  lr 5.36e-04  618.2 min
  step 102500  loss 2.9552  (kl 2.8664  ce 3.2215)  lr 5.35e-04  618.8 min
  step 102600  loss 2.9232  (kl 2.8001  ce 3.2924)  lr 5.33e-04  619.4 min
  step 102700  loss 2.9846  (kl 2.9099  ce 3.2087)  lr 5.32e-04  620.0 min
  step 102800  loss 2.9462  (kl 2.8395  ce 3.2663)  lr 5.31e-04  620.6 min
  step 102900  loss 2.9505  (kl 2.8219  ce 3.3364)  lr 5.30e-04  621.2 min
  step 103000  loss 2.8723  (kl 2.7883  ce 3.1245)  lr 5.29e-04  621.8 min
step 103000  tokens   3375.1M  val loss 2.8311  masked acc 0.4970  train 2.9366   621.8 min
  step 103100  loss 2.8659  (kl 2.7557  ce 3.1963)  lr 5.27e-04  622.4 min
  step 103200  loss 2.9960  (kl 2.8845  ce 3.3304)  lr 5.26e-04  623.0 min
  step 103300  loss 2.8896  (kl 2.7421  ce 3.3320)  lr 5.25e-04  623.6 min
  step 103400  loss 3.0179  (kl 2.9312  ce 3.2783)  lr 5.24e-04  624.2 min
  step 103500  loss 2.9686  (kl 2.8505  ce 3.3227)  lr 5.23e-04  624.8 min
  step 103600  loss 2.9332  (kl 2.8057  ce 3.3156)  lr 5.21e-04  625.4 min
  step 103700  loss 2.9030  (kl 2.7670  ce 3.3111)  lr 5.20e-04  626.0 min
  step 103800  loss 2.9459  (kl 2.8158  ce 3.3364)  lr 5.19e-04  626.6 min
  step 103900  loss 2.9588  (kl 2.8494  ce 3.2868)  lr 5.18e-04  627.2 min
  step 104000  loss 2.8823  (kl 2.7885  ce 3.1637)  lr 5.16e-04  627.8 min
step 104000  tokens   3407.9M  val loss 2.8417  masked acc 0.4989  train 2.9361   627.8 min
  step 104100  loss 2.9243  (kl 2.8102  ce 3.2667)  lr 5.15e-04  628.4 min
  step 104200  loss 2.8938  (kl 2.7724  ce 3.2580)  lr 5.14e-04  629.0 min
  step 104300  loss 2.8875  (kl 2.7373  ce 3.3380)  lr 5.13e-04  629.6 min
  step 104400  loss 2.9313  (kl 2.7760  ce 3.3970)  lr 5.12e-04  630.2 min
  step 104500  loss 2.9092  (kl 2.8068  ce 3.2164)  lr 5.10e-04  630.8 min
  checkpoint at step 104536
  step 104600  loss 3.0161  (kl 2.9556  ce 3.1975)  lr 5.09e-04  631.5 min
  step 104700  loss 3.0299  (kl 2.9256  ce 3.3430)  lr 5.08e-04  632.1 min
  step 104800  loss 2.9579  (kl 2.8077  ce 3.4083)  lr 5.07e-04  632.7 min
  step 104900  loss 3.0129  (kl 2.9350  ce 3.2463)  lr 5.06e-04  633.3 min
  step 105000  loss 2.9537  (kl 2.8260  ce 3.3369)  lr 5.05e-04  633.9 min
step 105000  tokens   3440.6M  val loss 2.8582  masked acc 0.4979  train 2.9516   633.9 min
  step 105100  loss 2.8257  (kl 2.6878  ce 3.2393)  lr 5.03e-04  634.5 min
  step 105200  loss 2.9745  (kl 2.8923  ce 3.2212)  lr 5.02e-04  635.1 min
  step 105300  loss 3.0018  (kl 2.8984  ce 3.3118)  lr 5.01e-04  635.7 min
  step 105400  loss 2.9274  (kl 2.8081  ce 3.2855)  lr 5.00e-04  636.3 min
  step 105500  loss 2.8682  (kl 2.6990  ce 3.3758)  lr 4.99e-04  636.9 min
  step 105600  loss 2.9689  (kl 2.8044  ce 3.4626)  lr 4.97e-04  637.5 min
  step 105700  loss 2.8292  (kl 2.6856  ce 3.2602)  lr 4.96e-04  638.1 min
  step 105800  loss 2.9165  (kl 2.8102  ce 3.2355)  lr 4.95e-04  638.7 min
  step 105900  loss 2.9574  (kl 2.8386  ce 3.3140)  lr 4.94e-04  639.3 min
  step 106000  loss 3.0850  (kl 2.9921  ce 3.3637)  lr 4.93e-04  639.9 min
step 106000  tokens   3473.4M  val loss 2.8321  masked acc 0.4994  train 2.9355   639.9 min
  step 106100  loss 2.9364  (kl 2.8429  ce 3.2169)  lr 4.91e-04  640.5 min
  step 106200  loss 2.9445  (kl 2.8314  ce 3.2841)  lr 4.90e-04  641.1 min
  step 106300  loss 2.9456  (kl 2.8589  ce 3.2058)  lr 4.89e-04  641.7 min
  step 106400  loss 2.9859  (kl 2.8757  ce 3.3164)  lr 4.88e-04  642.3 min
  step 106500  loss 2.9545  (kl 2.8589  ce 3.2411)  lr 4.87e-04  642.9 min
  step 106600  loss 2.8694  (kl 2.8026  ce 3.0698)  lr 4.86e-04  643.5 min
  step 106700  loss 2.9420  (kl 2.8460  ce 3.2301)  lr 4.84e-04  644.1 min
  step 106800  loss 2.9072  (kl 2.8367  ce 3.1188)  lr 4.83e-04  644.7 min
  step 106900  loss 2.9538  (kl 2.8429  ce 3.2866)  lr 4.82e-04  645.3 min
  step 107000  loss 3.0027  (kl 2.9195  ce 3.2522)  lr 4.81e-04  645.9 min
step 107000  tokens   3506.2M  val loss 2.8405  masked acc 0.4994  train 2.9442   646.0 min
  step 107100  loss 2.8778  (kl 2.7652  ce 3.2156)  lr 4.80e-04  646.6 min
  step 107200  loss 2.9909  (kl 2.8858  ce 3.3063)  lr 4.79e-04  647.2 min
  step 107300  loss 2.9529  (kl 2.8320  ce 3.3154)  lr 4.77e-04  647.8 min
  step 107400  loss 2.8735  (kl 2.7457  ce 3.2568)  lr 4.76e-04  648.3 min
  step 107500  loss 2.9183  (kl 2.8053  ce 3.2575)  lr 4.75e-04  648.9 min
  step 107600  loss 2.9724  (kl 2.8909  ce 3.2168)  lr 4.74e-04  649.5 min
  step 107700  loss 2.9468  (kl 2.8350  ce 3.2823)  lr 4.73e-04  650.1 min
  step 107800  loss 2.8823  (kl 2.7549  ce 3.2644)  lr 4.72e-04  650.7 min
  step 107900  loss 2.9987  (kl 2.9236  ce 3.2241)  lr 4.71e-04  651.3 min
  step 108000  loss 2.8955  (kl 2.7788  ce 3.2457)  lr 4.69e-04  651.9 min
step 108000  tokens   3538.9M  val loss 2.8349  masked acc 0.5022  train 2.9309   652.0 min
  step 108100  loss 2.9619  (kl 2.8462  ce 3.3089)  lr 4.68e-04  652.6 min
  step 108200  loss 2.8755  (kl 2.7806  ce 3.1600)  lr 4.67e-04  653.2 min
  step 108300  loss 2.8959  (kl 2.7698  ce 3.2740)  lr 4.66e-04  653.8 min
  step 108400  loss 2.9649  (kl 2.8786  ce 3.2238)  lr 4.65e-04  654.4 min
  step 108500  loss 2.8634  (kl 2.7471  ce 3.2121)  lr 4.64e-04  655.0 min
  step 108600  loss 2.9300  (kl 2.8114  ce 3.2857)  lr 4.62e-04  655.6 min
  step 108700  loss 3.0151  (kl 2.9155  ce 3.3139)  lr 4.61e-04  656.2 min
  step 108800  loss 2.8580  (kl 2.7338  ce 3.2304)  lr 4.60e-04  656.8 min
  step 108900  loss 2.8662  (kl 2.7628  ce 3.1762)  lr 4.59e-04  657.4 min
  step 109000  loss 2.8430  (kl 2.7228  ce 3.2033)  lr 4.58e-04  658.0 min
step 109000  tokens   3571.7M  val loss 2.8093  masked acc 0.5004  train 2.9074   658.0 min
  step 109100  loss 2.9559  (kl 2.8403  ce 3.3028)  lr 4.57e-04  658.6 min
  step 109200  loss 2.8707  (kl 2.7517  ce 3.2275)  lr 4.56e-04  659.2 min
  step 109300  loss 2.8475  (kl 2.7428  ce 3.1617)  lr 4.55e-04  659.8 min
  step 109400  loss 2.8967  (kl 2.7887  ce 3.2206)  lr 4.53e-04  660.4 min
  step 109500  loss 2.8972  (kl 2.7878  ce 3.2255)  lr 4.52e-04  661.0 min
  checkpoint at step 109517
  step 109600  loss 2.8852  (kl 2.7524  ce 3.2833)  lr 4.51e-04  661.6 min
  step 109700  loss 2.8742  (kl 2.7705  ce 3.1854)  lr 4.50e-04  662.2 min
  step 109800  loss 2.8980  (kl 2.7937  ce 3.2108)  lr 4.49e-04  662.8 min
  step 109900  loss 2.9122  (kl 2.8066  ce 3.2290)  lr 4.48e-04  663.4 min
  step 110000  loss 2.8515  (kl 2.7148  ce 3.2615)  lr 4.47e-04  664.0 min
step 110000  tokens   3604.5M  val loss 2.8183  masked acc 0.5000  train 2.8889   664.1 min
  step 110100  loss 2.9277  (kl 2.8591  ce 3.1336)  lr 4.46e-04  664.7 min
  step 110200  loss 2.8435  (kl 2.7056  ce 3.2574)  lr 4.44e-04  665.3 min
  step 110300  loss 2.9276  (kl 2.8350  ce 3.2057)  lr 4.43e-04  665.9 min
  step 110400  loss 2.8643  (kl 2.7420  ce 3.2311)  lr 4.42e-04  666.5 min
  step 110500  loss 2.8790  (kl 2.7563  ce 3.2469)  lr 4.41e-04  667.1 min
  step 110600  loss 2.9481  (kl 2.8342  ce 3.2898)  lr 4.40e-04  667.6 min
  step 110700  loss 2.8549  (kl 2.7113  ce 3.2856)  lr 4.39e-04  668.2 min
  step 110800  loss 2.9135  (kl 2.7745  ce 3.3305)  lr 4.38e-04  668.8 min
  step 110900  loss 2.9185  (kl 2.8357  ce 3.1667)  lr 4.37e-04  669.4 min
  step 111000  loss 2.9839  (kl 2.8883  ce 3.2707)  lr 4.36e-04  670.0 min
step 111000  tokens   3637.2M  val loss 2.8333  masked acc 0.4997  train 2.9061   670.1 min
  step 111100  loss 2.9798  (kl 2.8696  ce 3.3104)  lr 4.34e-04  670.7 min
  step 111200  loss 2.8712  (kl 2.7477  ce 3.2418)  lr 4.33e-04  671.3 min
  step 111300  loss 2.8497  (kl 2.7714  ce 3.0848)  lr 4.32e-04  671.9 min
  step 111400  loss 2.8408  (kl 2.7138  ce 3.2218)  lr 4.31e-04  672.5 min
  step 111500  loss 2.8702  (kl 2.7397  ce 3.2616)  lr 4.30e-04  673.1 min
  step 111600  loss 2.9299  (kl 2.8078  ce 3.2961)  lr 4.29e-04  673.7 min
  step 111700  loss 3.0364  (kl 2.9556  ce 3.2787)  lr 4.28e-04  674.3 min
  step 111800  loss 2.8869  (kl 2.7872  ce 3.1859)  lr 4.27e-04  674.9 min
  step 111900  loss 2.8673  (kl 2.7235  ce 3.2987)  lr 4.26e-04  675.5 min
  step 112000  loss 2.8430  (kl 2.7230  ce 3.2028)  lr 4.25e-04  676.1 min
step 112000  tokens   3670.0M  val loss 2.8331  masked acc 0.5012  train 2.8975   676.1 min
  step 112100  loss 2.9200  (kl 2.8122  ce 3.2432)  lr 4.23e-04  676.7 min
  step 112200  loss 2.9421  (kl 2.8382  ce 3.2537)  lr 4.22e-04  677.3 min
  step 112300  loss 2.8932  (kl 2.7484  ce 3.3275)  lr 4.21e-04  677.9 min
  step 112400  loss 2.9041  (kl 2.7559  ce 3.3486)  lr 4.20e-04  678.5 min
  step 112500  loss 3.0301  (kl 2.9251  ce 3.3448)  lr 4.19e-04  679.1 min
  step 112600  loss 2.8423  (kl 2.7309  ce 3.1767)  lr 4.18e-04  679.7 min
  step 112700  loss 2.8184  (kl 2.6840  ce 3.2214)  lr 4.17e-04  680.3 min
  step 112800  loss 2.9450  (kl 2.8354  ce 3.2739)  lr 4.16e-04  680.9 min
  step 112900  loss 2.9113  (kl 2.8361  ce 3.1367)  lr 4.15e-04  681.5 min
  step 113000  loss 2.9602  (kl 2.8198  ce 3.3815)  lr 4.14e-04  682.1 min
step 113000  tokens   3702.8M  val loss 2.8078  masked acc 0.5010  train 2.9167   682.1 min
  step 113100  loss 2.9153  (kl 2.8023  ce 3.2540)  lr 4.13e-04  682.7 min
  step 113200  loss 2.9245  (kl 2.7926  ce 3.3200)  lr 4.12e-04  683.3 min
  step 113300  loss 2.9288  (kl 2.7988  ce 3.3189)  lr 4.11e-04  683.9 min
  step 113400  loss 3.1158  (kl 3.0775  ce 3.2310)  lr 4.09e-04  684.5 min
  step 113500  loss 2.9868  (kl 2.8994  ce 3.2488)  lr 4.08e-04  685.1 min
  step 113600  loss 2.9296  (kl 2.8334  ce 3.2181)  lr 4.07e-04  685.7 min
  step 113700  loss 2.9021  (kl 2.7883  ce 3.2434)  lr 4.06e-04  686.3 min
  step 113800  loss 2.8773  (kl 2.7660  ce 3.2113)  lr 4.05e-04  686.9 min
  step 113900  loss 2.8764  (kl 2.7884  ce 3.1405)  lr 4.04e-04  687.5 min
  step 114000  loss 2.9192  (kl 2.8236  ce 3.2058)  lr 4.03e-04  688.1 min
step 114000  tokens   3735.6M  val loss 2.8347  masked acc 0.4997  train 2.9376   688.1 min
  step 114100  loss 2.8548  (kl 2.7235  ce 3.2488)  lr 4.02e-04  688.7 min
  step 114200  loss 2.9115  (kl 2.7819  ce 3.3004)  lr 4.01e-04  689.3 min
  step 114300  loss 2.9440  (kl 2.8285  ce 3.2903)  lr 4.00e-04  689.9 min
  step 114400  loss 2.8809  (kl 2.7651  ce 3.2283)  lr 3.99e-04  690.5 min
  step 114500  loss 2.9082  (kl 2.8155  ce 3.1862)  lr 3.98e-04  691.1 min
  checkpoint at step 114501
  step 114600  loss 2.9236  (kl 2.8127  ce 3.2563)  lr 3.97e-04  691.8 min
  step 114700  loss 2.8739  (kl 2.7552  ce 3.2299)  lr 3.96e-04  692.4 min
  step 114800  loss 2.9158  (kl 2.7827  ce 3.3152)  lr 3.95e-04  693.0 min
  step 114900  loss 2.9629  (kl 2.8872  ce 3.1901)  lr 3.94e-04  693.6 min
  step 115000  loss 2.8888  (kl 2.7906  ce 3.1834)  lr 3.93e-04  694.2 min
step 115000  tokens   3768.3M  val loss 2.8094  masked acc 0.5025  train 2.9065   694.2 min
  step 115100  loss 2.8891  (kl 2.8089  ce 3.1296)  lr 3.92e-04  694.8 min
  step 115200  loss 2.7980  (kl 2.6631  ce 3.2026)  lr 3.91e-04  695.4 min
  step 115300  loss 2.9845  (kl 2.8939  ce 3.2563)  lr 3.89e-04  696.0 min
  step 115400  loss 2.8326  (kl 2.6947  ce 3.2461)  lr 3.88e-04  696.6 min
  step 115500  loss 2.8959  (kl 2.8161  ce 3.1350)  lr 3.87e-04  697.2 min
  step 115600  loss 2.9415  (kl 2.8047  ce 3.3520)  lr 3.86e-04  697.8 min
  step 115700  loss 2.9020  (kl 2.7427  ce 3.3801)  lr 3.85e-04  698.4 min
  step 115800  loss 2.8346  (kl 2.7198  ce 3.1789)  lr 3.84e-04  699.0 min
  step 115900  loss 2.9028  (kl 2.7758  ce 3.2836)  lr 3.83e-04  699.6 min
  step 116000  loss 2.8576  (kl 2.7388  ce 3.2139)  lr 3.82e-04  700.2 min
step 116000  tokens   3801.1M  val loss 2.8098  masked acc 0.5005  train 2.8838   700.2 min
  step 116100  loss 2.8358  (kl 2.7445  ce 3.1095)  lr 3.81e-04  700.8 min
  step 116200  loss 2.9272  (kl 2.8156  ce 3.2622)  lr 3.80e-04  701.4 min
  step 116300  loss 2.8555  (kl 2.7638  ce 3.1306)  lr 3.79e-04  702.0 min
  step 116400  loss 2.9402  (kl 2.8303  ce 3.2699)  lr 3.78e-04  702.6 min
  step 116500  loss 2.9027  (kl 2.8066  ce 3.1913)  lr 3.77e-04  703.2 min
  step 116600  loss 2.8176  (kl 2.6739  ce 3.2485)  lr 3.76e-04  703.8 min
  step 116700  loss 2.9015  (kl 2.7795  ce 3.2677)  lr 3.75e-04  704.4 min
  step 116800  loss 2.7382  (kl 2.6122  ce 3.1164)  lr 3.74e-04  705.0 min
  step 116900  loss 2.8575  (kl 2.7661  ce 3.1319)  lr 3.73e-04  705.6 min
  step 117000  loss 2.8568  (kl 2.7573  ce 3.1553)  lr 3.72e-04  706.2 min
step 117000  tokens   3833.9M  val loss 2.8361  masked acc 0.5002  train 2.8633   706.3 min
  step 117100  loss 2.9161  (kl 2.8152  ce 3.2189)  lr 3.71e-04  706.9 min
  step 117200  loss 2.9164  (kl 2.8319  ce 3.1701)  lr 3.70e-04  707.5 min
  step 117300  loss 2.9552  (kl 2.8541  ce 3.2582)  lr 3.69e-04  708.1 min
  step 117400  loss 2.9419  (kl 2.8423  ce 3.2407)  lr 3.68e-04  708.7 min
  step 117500  loss 2.9311  (kl 2.8184  ce 3.2689)  lr 3.67e-04  709.3 min
  step 117600  loss 2.8988  (kl 2.8291  ce 3.1080)  lr 3.66e-04  709.9 min
  step 117700  loss 2.8704  (kl 2.7248  ce 3.3073)  lr 3.65e-04  710.5 min
  step 117800  loss 2.9062  (kl 2.8155  ce 3.1783)  lr 3.64e-04  711.1 min
  step 117900  loss 2.8047  (kl 2.6723  ce 3.2019)  lr 3.63e-04  711.7 min
  step 118000  loss 2.7849  (kl 2.6611  ce 3.1565)  lr 3.62e-04  712.3 min
step 118000  tokens   3866.6M  val loss 2.8166  masked acc 0.5022  train 2.8926   712.3 min
  step 118100  loss 2.9043  (kl 2.7741  ce 3.2950)  lr 3.61e-04  712.9 min
  step 118200  loss 2.8181  (kl 2.6869  ce 3.2117)  lr 3.60e-04  713.5 min
  step 118300  loss 2.8641  (kl 2.7519  ce 3.2005)  lr 3.59e-04  714.1 min
  step 118400  loss 2.8885  (kl 2.7611  ce 3.2708)  lr 3.58e-04  714.7 min
  step 118500  loss 2.8531  (kl 2.7448  ce 3.1780)  lr 3.57e-04  715.3 min
  step 118600  loss 2.8305  (kl 2.6862  ce 3.2634)  lr 3.56e-04  715.9 min
  step 118700  loss 2.8237  (kl 2.7301  ce 3.1044)  lr 3.55e-04  716.5 min
  step 118800  loss 2.8493  (kl 2.7221  ce 3.2309)  lr 3.54e-04  717.1 min
  step 118900  loss 2.9169  (kl 2.7953  ce 3.2818)  lr 3.53e-04  717.7 min
  step 119000  loss 2.9900  (kl 2.8689  ce 3.3530)  lr 3.52e-04  718.3 min
step 119000  tokens   3899.4M  val loss 2.8254  masked acc 0.5010  train 2.8738   718.3 min
  step 119100  loss 2.8599  (kl 2.7502  ce 3.1891)  lr 3.51e-04  718.9 min
  step 119200  loss 2.9893  (kl 2.8800  ce 3.3174)  lr 3.51e-04  719.5 min
  step 119300  loss 2.9261  (kl 2.7970  ce 3.3134)  lr 3.50e-04  720.1 min
  step 119400  loss 2.8082  (kl 2.6667  ce 3.2325)  lr 3.49e-04  720.7 min
  checkpoint at step 119475
  step 119500  loss 2.7722  (kl 2.6358  ce 3.1813)  lr 3.48e-04  721.4 min
  step 119600  loss 2.9087  (kl 2.8154  ce 3.1886)  lr 3.47e-04  722.0 min
  step 119700  loss 2.9822  (kl 2.8738  ce 3.3076)  lr 3.46e-04  722.6 min
  step 119800  loss 3.0062  (kl 2.8763  ce 3.3958)  lr 3.45e-04  723.2 min
  step 119900  loss 2.8282  (kl 2.7211  ce 3.1493)  lr 3.44e-04  723.8 min
  step 120000  loss 2.8120  (kl 2.6513  ce 3.2939)  lr 3.43e-04  724.4 min
step 120000  tokens   3932.2M  val loss 2.7979  masked acc 0.5020  train 2.8893   724.4 min
  step 120100  loss 2.8627  (kl 2.7506  ce 3.1988)  lr 3.42e-04  725.0 min
  step 120200  loss 2.9469  (kl 2.8309  ce 3.2948)  lr 3.41e-04  725.6 min
  step 120300  loss 2.8580  (kl 2.7546  ce 3.1683)  lr 3.40e-04  726.2 min
  step 120400  loss 2.9406  (kl 2.8003  ce 3.3614)  lr 3.39e-04  726.8 min
  step 120500  loss 2.8552  (kl 2.7560  ce 3.1529)  lr 3.38e-04  727.4 min
  step 120600  loss 2.8575  (kl 2.7465  ce 3.1905)  lr 3.37e-04  728.0 min
  step 120700  loss 2.8974  (kl 2.7622  ce 3.3032)  lr 3.36e-04  728.6 min
  step 120800  loss 2.8475  (kl 2.7376  ce 3.1774)  lr 3.35e-04  729.2 min
  step 120900  loss 2.8306  (kl 2.6880  ce 3.2582)  lr 3.34e-04  729.8 min
  step 121000  loss 2.9150  (kl 2.8156  ce 3.2130)  lr 3.34e-04  730.4 min
step 121000  tokens   3964.9M  val loss 2.8285  masked acc 0.5010  train 2.8811   730.4 min
  step 121100  loss 2.8716  (kl 2.7744  ce 3.1634)  lr 3.33e-04  731.0 min
  step 121200  loss 2.9658  (kl 2.8724  ce 3.2458)  lr 3.32e-04  731.6 min
  step 121300  loss 3.0109  (kl 2.9270  ce 3.2627)  lr 3.31e-04  732.2 min
  step 121400  loss 2.9122  (kl 2.7904  ce 3.2777)  lr 3.30e-04  732.8 min
  step 121500  loss 2.8044  (kl 2.6711  ce 3.2042)  lr 3.29e-04  733.4 min
  step 121600  loss 2.8101  (kl 2.6981  ce 3.1460)  lr 3.28e-04  734.0 min
  step 121700  loss 2.8804  (kl 2.7801  ce 3.1812)  lr 3.27e-04  734.6 min
  step 121800  loss 2.9049  (kl 2.7778  ce 3.2860)  lr 3.26e-04  735.2 min
  step 121900  loss 2.9351  (kl 2.8325  ce 3.2428)  lr 3.25e-04  735.8 min
  step 122000  loss 2.8579  (kl 2.7640  ce 3.1398)  lr 3.24e-04  736.4 min
step 122000  tokens   3997.7M  val loss 2.7962  masked acc 0.5045  train 2.8953   736.5 min
  step 122100  loss 2.8941  (kl 2.8061  ce 3.1581)  lr 3.23e-04  737.1 min
  step 122200  loss 2.8556  (kl 2.7437  ce 3.1912)  lr 3.23e-04  737.7 min
  step 122300  loss 2.8690  (kl 2.7428  ce 3.2474)  lr 3.22e-04  738.3 min
  step 122400  loss 2.8775  (kl 2.7522  ce 3.2533)  lr 3.21e-04  738.9 min
  step 122500  loss 2.8909  (kl 2.7935  ce 3.1830)  lr 3.20e-04  739.5 min
  step 122600  loss 2.9374  (kl 2.8219  ce 3.2838)  lr 3.19e-04  740.1 min
  step 122700  loss 2.9227  (kl 2.8176  ce 3.2380)  lr 3.18e-04  740.7 min
  step 122800  loss 2.9033  (kl 2.8082  ce 3.1887)  lr 3.17e-04  741.3 min
  step 122900  loss 2.9281  (kl 2.8240  ce 3.2403)  lr 3.16e-04  741.9 min
  step 123000  loss 2.8633  (kl 2.7309  ce 3.2603)  lr 3.15e-04  742.5 min
step 123000  tokens   4030.5M  val loss 2.7902  masked acc 0.5034  train 2.8942   742.5 min
  step 123100  loss 2.8966  (kl 2.7753  ce 3.2604)  lr 3.14e-04  743.1 min
  step 123200  loss 2.9037  (kl 2.7710  ce 3.3015)  lr 3.14e-04  743.7 min
  step 123300  loss 2.8188  (kl 2.6863  ce 3.2165)  lr 3.13e-04  744.3 min
  step 123400  loss 3.0292  (kl 2.9244  ce 3.3433)  lr 3.12e-04  744.9 min
  step 123500  loss 2.9560  (kl 2.8336  ce 3.3230)  lr 3.11e-04  745.5 min
  step 123600  loss 2.8824  (kl 2.7766  ce 3.2000)  lr 3.10e-04  746.1 min
  step 123700  loss 2.9155  (kl 2.8377  ce 3.1489)  lr 3.09e-04  746.7 min
  step 123800  loss 2.8806  (kl 2.7469  ce 3.2819)  lr 3.08e-04  747.3 min
  step 123900  loss 2.9855  (kl 2.9044  ce 3.2290)  lr 3.07e-04  747.9 min
  step 124000  loss 2.9143  (kl 2.8050  ce 3.2421)  lr 3.07e-04  748.5 min
step 124000  tokens   4063.2M  val loss 2.8067  masked acc 0.5047  train 2.9183   748.5 min
  step 124100  loss 2.9066  (kl 2.8378  ce 3.1131)  lr 3.06e-04  749.1 min
  step 124200  loss 2.8714  (kl 2.7596  ce 3.2066)  lr 3.05e-04  749.7 min
  step 124300  loss 2.8228  (kl 2.6896  ce 3.2225)  lr 3.04e-04  750.3 min
  step 124400  loss 2.9014  (kl 2.8105  ce 3.1741)  lr 3.03e-04  750.9 min
  checkpoint at step 124452
  step 124500  loss 2.9450  (kl 2.8535  ce 3.2197)  lr 3.02e-04  751.6 min
  step 124600  loss 2.9265  (kl 2.8176  ce 3.2535)  lr 3.01e-04  752.2 min
  step 124700  loss 2.8450  (kl 2.7327  ce 3.1816)  lr 3.01e-04  752.8 min
  step 124800  loss 2.8958  (kl 2.7583  ce 3.3084)  lr 3.00e-04  753.4 min
  step 124900  loss 2.8306  (kl 2.6863  ce 3.2634)  lr 2.99e-04  754.0 min
  step 125000  loss 2.9360  (kl 2.8213  ce 3.2800)  lr 2.98e-04  754.6 min
step 125000  tokens   4096.0M  val loss 2.8000  masked acc 0.5037  train 2.8881   754.6 min
  step 125100  loss 2.8344  (kl 2.6942  ce 3.2551)  lr 2.97e-04  755.2 min
  step 125200  loss 2.9741  (kl 2.8400  ce 3.3762)  lr 2.96e-04  755.8 min
  step 125300  loss 2.8954  (kl 2.7849  ce 3.2272)  lr 2.95e-04  756.4 min
  step 125400  loss 2.8469  (kl 2.7275  ce 3.2052)  lr 2.95e-04  757.0 min
  step 125500  loss 2.8727  (kl 2.7654  ce 3.1947)  lr 2.94e-04  757.6 min
  step 125600  loss 3.0061  (kl 2.9365  ce 3.2150)  lr 2.93e-04  758.2 min
  step 125700  loss 2.8360  (kl 2.7166  ce 3.1942)  lr 2.92e-04  758.8 min
  step 125800  loss 2.9179  (kl 2.8057  ce 3.2542)  lr 2.91e-04  759.4 min
  step 125900  loss 2.8647  (kl 2.7518  ce 3.2033)  lr 2.90e-04  760.0 min
  step 126000  loss 2.8878  (kl 2.7799  ce 3.2114)  lr 2.90e-04  760.6 min
step 126000  tokens   4128.8M  val loss 2.7957  masked acc 0.5051  train 2.8936   760.6 min
  step 126100  loss 2.8535  (kl 2.7437  ce 3.1830)  lr 2.89e-04  761.2 min
  step 126200  loss 2.8570  (kl 2.7532  ce 3.1684)  lr 2.88e-04  761.8 min
  step 126300  loss 2.7872  (kl 2.6950  ce 3.0637)  lr 2.87e-04  762.4 min
  step 126400  loss 2.8515  (kl 2.7305  ce 3.2145)  lr 2.86e-04  763.0 min
  step 126500  loss 2.8971  (kl 2.7854  ce 3.2322)  lr 2.86e-04  763.6 min
  step 126600  loss 2.7985  (kl 2.6541  ce 3.2319)  lr 2.85e-04  764.2 min
  step 126700  loss 2.9451  (kl 2.8380  ce 3.2664)  lr 2.84e-04  764.8 min
  step 126800  loss 2.8539  (kl 2.7560  ce 3.1475)  lr 2.83e-04  765.4 min
  step 126900  loss 2.8515  (kl 2.7555  ce 3.1395)  lr 2.82e-04  766.0 min
  step 127000  loss 2.8953  (kl 2.8158  ce 3.1336)  lr 2.82e-04  766.6 min
step 127000  tokens   4161.5M  val loss 2.8102  masked acc 0.5024  train 2.8591   766.7 min
  step 127100  loss 2.8386  (kl 2.7015  ce 3.2497)  lr 2.81e-04  767.3 min
  step 127200  loss 2.8612  (kl 2.7484  ce 3.1994)  lr 2.80e-04  767.9 min
  step 127300  loss 2.8519  (kl 2.7570  ce 3.1366)  lr 2.79e-04  768.5 min
  step 127400  loss 2.9021  (kl 2.7723  ce 3.2917)  lr 2.78e-04  769.1 min
  step 127500  loss 2.8811  (kl 2.7478  ce 3.2811)  lr 2.78e-04  769.7 min
  step 127600  loss 2.8372  (kl 2.7088  ce 3.2226)  lr 2.77e-04  770.3 min
  step 127700  loss 2.7979  (kl 2.6856  ce 3.1348)  lr 2.76e-04  770.9 min
  step 127800  loss 2.9187  (kl 2.7866  ce 3.3149)  lr 2.75e-04  771.4 min
  step 127900  loss 2.9388  (kl 2.7951  ce 3.3700)  lr 2.74e-04  772.0 min
  step 128000  loss 2.8972  (kl 2.7578  ce 3.3151)  lr 2.74e-04  772.6 min
step 128000  tokens   4194.3M  val loss 2.7997  masked acc 0.5045  train 2.8725   772.7 min
  step 128100  loss 2.8480  (kl 2.7527  ce 3.1338)  lr 2.73e-04  773.3 min
  step 128200  loss 2.8558  (kl 2.7314  ce 3.2288)  lr 2.72e-04  773.9 min
  step 128300  loss 2.7962  (kl 2.6726  ce 3.1672)  lr 2.71e-04  774.5 min
  step 128400  loss 2.8854  (kl 2.7674  ce 3.2395)  lr 2.70e-04  775.1 min
  step 128500  loss 2.8545  (kl 2.7203  ce 3.2569)  lr 2.70e-04  775.7 min
  step 128600  loss 2.9339  (kl 2.8165  ce 3.2861)  lr 2.69e-04  776.3 min
  step 128700  loss 2.8868  (kl 2.7862  ce 3.1883)  lr 2.68e-04  776.9 min
  step 128800  loss 2.8873  (kl 2.8003  ce 3.1485)  lr 2.67e-04  777.5 min
  step 128900  loss 2.8307  (kl 2.6839  ce 3.2709)  lr 2.67e-04  778.1 min
  step 129000  loss 2.8771  (kl 2.7533  ce 3.2485)  lr 2.66e-04  778.7 min
step 129000  tokens   4227.1M  val loss 2.7828  masked acc 0.5045  train 2.8656   778.7 min
  step 129100  loss 2.8508  (kl 2.7207  ce 3.2412)  lr 2.65e-04  779.3 min
  step 129200  loss 2.9246  (kl 2.8346  ce 3.1945)  lr 2.64e-04  779.9 min
  step 129300  loss 2.9095  (kl 2.7995  ce 3.2395)  lr 2.64e-04  780.5 min
  step 129400  loss 2.9529  (kl 2.8995  ce 3.1133)  lr 2.63e-04  781.1 min
  checkpoint at step 129428
  step 129500  loss 2.8957  (kl 2.7887  ce 3.2165)  lr 2.62e-04  781.7 min
  step 129600  loss 2.9135  (kl 2.8089  ce 3.2274)  lr 2.61e-04  782.3 min
  step 129700  loss 2.7380  (kl 2.6254  ce 3.0758)  lr 2.61e-04  782.9 min
  step 129800  loss 2.8924  (kl 2.7792  ce 3.2320)  lr 2.60e-04  783.5 min
  step 129900  loss 2.7673  (kl 2.6520  ce 3.1131)  lr 2.59e-04  784.1 min
  step 130000  loss 2.8930  (kl 2.7516  ce 3.3172)  lr 2.58e-04  784.7 min
step 130000  tokens   4259.8M  val loss 2.7951  masked acc 0.5037  train 2.8738   784.8 min
  step 130100  loss 2.7961  (kl 2.7043  ce 3.0715)  lr 2.58e-04  785.4 min
  step 130200  loss 2.8237  (kl 2.7198  ce 3.1354)  lr 2.57e-04  786.0 min
  step 130300  loss 2.8155  (kl 2.6486  ce 3.3160)  lr 2.56e-04  786.6 min
  step 130400  loss 2.8989  (kl 2.7877  ce 3.2327)  lr 2.56e-04  787.2 min
  step 130500  loss 2.8721  (kl 2.7335  ce 3.2880)  lr 2.55e-04  787.8 min
  step 130600  loss 2.8719  (kl 2.7527  ce 3.2297)  lr 2.54e-04  788.4 min
  step 130700  loss 2.7952  (kl 2.6563  ce 3.2121)  lr 2.53e-04  789.0 min
  step 130800  loss 2.8141  (kl 2.6976  ce 3.1639)  lr 2.53e-04  789.6 min
  step 130900  loss 2.9157  (kl 2.8004  ce 3.2615)  lr 2.52e-04  790.2 min
  step 131000  loss 2.8934  (kl 2.7606  ce 3.2919)  lr 2.51e-04  790.8 min
step 131000  tokens   4292.6M  val loss 2.7700  masked acc 0.5053  train 2.8497   790.8 min
  step 131100  loss 2.8140  (kl 2.6911  ce 3.1829)  lr 2.50e-04  791.4 min
  step 131200  loss 2.7887  (kl 2.6403  ce 3.2340)  lr 2.50e-04  792.0 min
  step 131300  loss 2.8831  (kl 2.7635  ce 3.2421)  lr 2.49e-04  792.6 min
  step 131400  loss 2.8324  (kl 2.7133  ce 3.1899)  lr 2.48e-04  793.2 min
  step 131500  loss 2.7813  (kl 2.6579  ce 3.1518)  lr 2.48e-04  793.8 min
  step 131600  loss 2.8237  (kl 2.7070  ce 3.1738)  lr 2.47e-04  794.4 min
  step 131700  loss 2.8687  (kl 2.7916  ce 3.1001)  lr 2.46e-04  795.0 min
  step 131800  loss 2.7790  (kl 2.6662  ce 3.1174)  lr 2.46e-04  795.6 min
  step 131900  loss 2.9331  (kl 2.8471  ce 3.1912)  lr 2.45e-04  796.2 min
  step 132000  loss 2.9695  (kl 2.8504  ce 3.3267)  lr 2.44e-04  796.8 min
step 132000  tokens   4325.4M  val loss 2.7856  masked acc 0.5041  train 2.8474   796.8 min
  step 132100  loss 2.8751  (kl 2.7196  ce 3.3415)  lr 2.43e-04  797.5 min
  step 132200  loss 2.7653  (kl 2.6484  ce 3.1160)  lr 2.43e-04  798.1 min
  step 132300  loss 2.8481  (kl 2.7454  ce 3.1561)  lr 2.42e-04  798.6 min
  step 132400  loss 2.9128  (kl 2.7894  ce 3.2829)  lr 2.41e-04  799.2 min
  step 132500  loss 2.8123  (kl 2.6941  ce 3.1668)  lr 2.41e-04  799.8 min
  step 132600  loss 2.8631  (kl 2.7502  ce 3.2016)  lr 2.40e-04  800.4 min
  step 132700  loss 2.8870  (kl 2.7519  ce 3.2924)  lr 2.39e-04  801.0 min
  step 132800  loss 2.8571  (kl 2.7276  ce 3.2455)  lr 2.39e-04  801.6 min
  step 132900  loss 2.8852  (kl 2.8136  ce 3.0997)  lr 2.38e-04  802.2 min
  step 133000  loss 2.8392  (kl 2.7340  ce 3.1547)  lr 2.37e-04  802.8 min
step 133000  tokens   4358.1M  val loss 2.7604  masked acc 0.5055  train 2.8545   802.9 min
  step 133100  loss 2.8793  (kl 2.7365  ce 3.3079)  lr 2.37e-04  803.5 min
  step 133200  loss 2.8301  (kl 2.6921  ce 3.2440)  lr 2.36e-04  804.1 min
  step 133300  loss 2.8985  (kl 2.8128  ce 3.1558)  lr 2.35e-04  804.7 min
  step 133400  loss 2.8699  (kl 2.7382  ce 3.2648)  lr 2.35e-04  805.3 min
  step 133500  loss 2.8602  (kl 2.7323  ce 3.2440)  lr 2.34e-04  805.9 min
  step 133600  loss 2.7719  (kl 2.6614  ce 3.1036)  lr 2.33e-04  806.5 min
  step 133700  loss 2.7913  (kl 2.6581  ce 3.1908)  lr 2.33e-04  807.1 min
  step 133800  loss 2.7996  (kl 2.6779  ce 3.1649)  lr 2.32e-04  807.7 min
  step 133900  loss 2.8990  (kl 2.7920  ce 3.2200)  lr 2.32e-04  808.3 min
  step 134000  loss 2.9286  (kl 2.8169  ce 3.2637)  lr 2.31e-04  808.9 min
step 134000  tokens   4390.9M  val loss 2.7659  masked acc 0.5042  train 2.8528   808.9 min
  step 134100  loss 2.8541  (kl 2.7409  ce 3.1936)  lr 2.30e-04  809.5 min
  step 134200  loss 2.8621  (kl 2.7469  ce 3.2077)  lr 2.30e-04  810.1 min
  step 134300  loss 2.7875  (kl 2.6946  ce 3.0663)  lr 2.29e-04  810.7 min
  step 134400  loss 2.7616  (kl 2.6143  ce 3.2038)  lr 2.28e-04  811.3 min
  checkpoint at step 134403
  step 134500  loss 2.7947  (kl 2.6914  ce 3.1048)  lr 2.28e-04  811.9 min
  step 134600  loss 2.9345  (kl 2.8354  ce 3.2317)  lr 2.27e-04  812.5 min
  step 134700  loss 2.8017  (kl 2.6704  ce 3.1956)  lr 2.26e-04  813.1 min
  step 134800  loss 2.7727  (kl 2.6349  ce 3.1863)  lr 2.26e-04  813.7 min
  step 134900  loss 2.7492  (kl 2.6252  ce 3.1213)  lr 2.25e-04  814.3 min
  step 135000  loss 2.8881  (kl 2.7473  ce 3.3102)  lr 2.25e-04  814.9 min
step 135000  tokens   4423.7M  val loss 2.7717  masked acc 0.5063  train 2.8206   815.0 min
  step 135100  loss 2.9067  (kl 2.7938  ce 3.2457)  lr 2.24e-04  815.6 min
  step 135200  loss 2.9112  (kl 2.8020  ce 3.2389)  lr 2.23e-04  816.2 min
  step 135300  loss 2.8178  (kl 2.6963  ce 3.1823)  lr 2.23e-04  816.8 min
  step 135400  loss 2.9005  (kl 2.7739  ce 3.2803)  lr 2.22e-04  817.4 min
  step 135500  loss 2.8271  (kl 2.6832  ce 3.2586)  lr 2.21e-04  818.0 min
  step 135600  loss 2.8845  (kl 2.7686  ce 3.2323)  lr 2.21e-04  818.6 min
  step 135700  loss 2.9124  (kl 2.7986  ce 3.2537)  lr 2.20e-04  819.2 min
  step 135800  loss 2.8152  (kl 2.7004  ce 3.1596)  lr 2.20e-04  819.8 min
  step 135900  loss 2.9035  (kl 2.7978  ce 3.2209)  lr 2.19e-04  820.4 min
  step 136000  loss 2.8183  (kl 2.6915  ce 3.1987)  lr 2.18e-04  821.0 min
step 136000  tokens   4456.4M  val loss 2.7906  masked acc 0.5061  train 2.8697   821.0 min
  step 136100  loss 2.9013  (kl 2.7748  ce 3.2809)  lr 2.18e-04  821.6 min
  step 136200  loss 2.8549  (kl 2.7130  ce 3.2806)  lr 2.17e-04  822.2 min
  step 136300  loss 2.8360  (kl 2.7393  ce 3.1261)  lr 2.17e-04  822.8 min
  step 136400  loss 2.9069  (kl 2.7949  ce 3.2429)  lr 2.16e-04  823.4 min
  step 136500  loss 2.8871  (kl 2.7723  ce 3.2316)  lr 2.16e-04  824.0 min
  step 136600  loss 2.7856  (kl 2.6317  ce 3.2471)  lr 2.15e-04  824.6 min
  step 136700  loss 2.8390  (kl 2.7342  ce 3.1535)  lr 2.14e-04  825.2 min
  step 136800  loss 2.9867  (kl 2.8966  ce 3.2568)  lr 2.14e-04  825.8 min
  step 136900  loss 2.8216  (kl 2.7358  ce 3.0789)  lr 2.13e-04  826.4 min
  step 137000  loss 2.8404  (kl 2.7343  ce 3.1586)  lr 2.13e-04  827.0 min
step 137000  tokens   4489.2M  val loss 2.7769  masked acc 0.5085  train 2.8660   827.0 min
  step 137100  loss 2.8605  (kl 2.7139  ce 3.3002)  lr 2.12e-04  827.6 min
  step 137200  loss 2.8023  (kl 2.6778  ce 3.1758)  lr 2.12e-04  828.2 min
  step 137300  loss 2.8506  (kl 2.7164  ce 3.2531)  lr 2.11e-04  828.8 min
  step 137400  loss 2.7883  (kl 2.6714  ce 3.1391)  lr 2.10e-04  829.4 min
  step 137500  loss 2.8731  (kl 2.7271  ce 3.3111)  lr 2.10e-04  830.0 min
  step 137600  loss 2.8716  (kl 2.7532  ce 3.2271)  lr 2.09e-04  830.6 min
  step 137700  loss 2.7952  (kl 2.6535  ce 3.2202)  lr 2.09e-04  831.2 min
  step 137800  loss 2.8484  (kl 2.7379  ce 3.1798)  lr 2.08e-04  831.8 min
  step 137900  loss 2.8184  (kl 2.7008  ce 3.1711)  lr 2.08e-04  832.4 min
  step 138000  loss 2.8357  (kl 2.7338  ce 3.1413)  lr 2.07e-04  833.0 min
step 138000  tokens   4522.0M  val loss 2.7745  masked acc 0.5057  train 2.8344   833.1 min
  step 138100  loss 2.9337  (kl 2.8619  ce 3.1490)  lr 2.07e-04  833.7 min
  step 138200  loss 2.7780  (kl 2.6488  ce 3.1655)  lr 2.06e-04  834.3 min
  step 138300  loss 2.8691  (kl 2.7719  ce 3.1607)  lr 2.05e-04  834.8 min
  step 138400  loss 2.8779  (kl 2.7645  ce 3.2179)  lr 2.05e-04  835.4 min
  step 138500  loss 2.9168  (kl 2.8274  ce 3.1851)  lr 2.04e-04  836.0 min
  step 138600  loss 2.8567  (kl 2.7663  ce 3.1278)  lr 2.04e-04  836.6 min
  step 138700  loss 3.0475  (kl 2.9531  ce 3.3305)  lr 2.03e-04  837.2 min
  step 138800  loss 2.8987  (kl 2.7954  ce 3.2085)  lr 2.03e-04  837.8 min
  step 138900  loss 2.8750  (kl 2.7279  ce 3.3162)  lr 2.02e-04  838.4 min
  step 139000  loss 2.9471  (kl 2.8514  ce 3.2345)  lr 2.02e-04  839.0 min
step 139000  tokens   4554.8M  val loss 2.7750  masked acc 0.5053  train 2.9000   839.1 min
  step 139100  loss 2.8716  (kl 2.7614  ce 3.2021)  lr 2.01e-04  839.7 min
  step 139200  loss 2.7208  (kl 2.6235  ce 3.0128)  lr 2.01e-04  840.3 min
  step 139300  loss 2.7998  (kl 2.6628  ce 3.2111)  lr 2.00e-04  840.9 min
  checkpoint at step 139383
  step 139400  loss 2.8926  (kl 2.7985  ce 3.1747)  lr 2.00e-04  841.5 min
  step 139500  loss 2.8609  (kl 2.7614  ce 3.1596)  lr 1.99e-04  842.1 min
  step 139600  loss 2.7596  (kl 2.6450  ce 3.1035)  lr 1.99e-04  842.7 min
  step 139700  loss 2.9083  (kl 2.7626  ce 3.3454)  lr 1.98e-04  843.3 min
  step 139800  loss 2.8038  (kl 2.6653  ce 3.2195)  lr 1.98e-04  843.9 min
  step 139900  loss 2.7618  (kl 2.6696  ce 3.0383)  lr 1.97e-04  844.5 min
  step 140000  loss 2.8089  (kl 2.6608  ce 3.2532)  lr 1.97e-04  845.1 min
step 140000  tokens   4587.5M  val loss 2.7688  masked acc 0.5064  train 2.8188   845.1 min
  step 140100  loss 2.7773  (kl 2.6552  ce 3.1436)  lr 1.96e-04  845.7 min
  step 140200  loss 2.8067  (kl 2.6960  ce 3.1389)  lr 1.96e-04  846.3 min
  step 140300  loss 2.8624  (kl 2.7759  ce 3.1222)  lr 1.95e-04  846.9 min
  step 140400  loss 2.8109  (kl 2.7134  ce 3.1037)  lr 1.95e-04  847.6 min
  step 140500  loss 2.8721  (kl 2.7599  ce 3.2087)  lr 1.94e-04  848.2 min
  step 140600  loss 2.9485  (kl 2.8746  ce 3.1702)  lr 1.94e-04  848.8 min
  step 140700  loss 2.7929  (kl 2.6650  ce 3.1764)  lr 1.93e-04  849.4 min
  step 140800  loss 2.9125  (kl 2.8084  ce 3.2246)  lr 1.93e-04  849.9 min
  step 140900  loss 2.7374  (kl 2.6178  ce 3.0963)  lr 1.92e-04  850.5 min
  step 141000  loss 2.8100  (kl 2.6929  ce 3.1615)  lr 1.92e-04  851.1 min
step 141000  tokens   4620.3M  val loss 2.7781  masked acc 0.5077  train 2.8331   851.2 min
  step 141100  loss 2.8102  (kl 2.6757  ce 3.2137)  lr 1.91e-04  851.8 min
  step 141200  loss 2.8706  (kl 2.7593  ce 3.2046)  lr 1.91e-04  852.4 min
  step 141300  loss 2.7840  (kl 2.6859  ce 3.0786)  lr 1.90e-04  853.0 min
  step 141400  loss 2.8432  (kl 2.6990  ce 3.2758)  lr 1.90e-04  853.6 min
  step 141500  loss 2.8439  (kl 2.7458  ce 3.1382)  lr 1.90e-04  854.2 min
  step 141600  loss 2.8897  (kl 2.7907  ce 3.1865)  lr 1.89e-04  854.8 min
  step 141700  loss 2.8285  (kl 2.7014  ce 3.2098)  lr 1.89e-04  855.4 min
  step 141800  loss 2.8092  (kl 2.7029  ce 3.1281)  lr 1.88e-04  856.0 min
  step 141900  loss 2.7609  (kl 2.6214  ce 3.1796)  lr 1.88e-04  856.6 min
  step 142000  loss 2.7904  (kl 2.6775  ce 3.1294)  lr 1.87e-04  857.2 min
step 142000  tokens   4653.1M  val loss 2.7673  masked acc 0.5081  train 2.8231   857.2 min
  step 142100  loss 2.7909  (kl 2.6715  ce 3.1491)  lr 1.87e-04  857.8 min
  step 142200  loss 2.8158  (kl 2.7096  ce 3.1343)  lr 1.86e-04  858.4 min
  step 142300  loss 2.7420  (kl 2.6125  ce 3.1306)  lr 1.86e-04  859.0 min
  step 142400  loss 2.8317  (kl 2.7009  ce 3.2242)  lr 1.86e-04  859.6 min
  step 142500  loss 2.7351  (kl 2.6057  ce 3.1233)  lr 1.85e-04  860.2 min
  step 142600  loss 2.8587  (kl 2.7468  ce 3.1944)  lr 1.85e-04  860.8 min
  step 142700  loss 2.8332  (kl 2.6708  ce 3.3203)  lr 1.84e-04  861.4 min
  step 142800  loss 2.8942  (kl 2.7823  ce 3.2301)  lr 1.84e-04  862.0 min
  step 142900  loss 2.8438  (kl 2.7071  ce 3.2541)  lr 1.83e-04  862.6 min
  step 143000  loss 2.8334  (kl 2.7001  ce 3.2335)  lr 1.83e-04  863.2 min
step 143000  tokens   4685.8M  val loss 2.7653  masked acc 0.5073  train 2.8179   863.2 min
  step 143100  loss 2.8942  (kl 2.7550  ce 3.3118)  lr 1.83e-04  863.8 min
  step 143200  loss 2.8233  (kl 2.7237  ce 3.1221)  lr 1.82e-04  864.4 min
  step 143300  loss 2.9238  (kl 2.8235  ce 3.2247)  lr 1.82e-04  865.0 min
  step 143400  loss 2.8589  (kl 2.7563  ce 3.1665)  lr 1.81e-04  865.6 min
  step 143500  loss 2.9706  (kl 2.8854  ce 3.2263)  lr 1.81e-04  866.2 min
  step 143600  loss 2.8117  (kl 2.6971  ce 3.1555)  lr 1.81e-04  866.8 min
  step 143700  loss 2.7981  (kl 2.6693  ce 3.1845)  lr 1.80e-04  867.4 min
  step 143800  loss 2.9464  (kl 2.8488  ce 3.2390)  lr 1.80e-04  868.0 min
  step 143900  loss 2.7665  (kl 2.6301  ce 3.1757)  lr 1.79e-04  868.6 min
  step 144000  loss 2.7726  (kl 2.6458  ce 3.1528)  lr 1.79e-04  869.2 min
step 144000  tokens   4718.6M  val loss 2.7606  masked acc 0.5078  train 2.8566   869.3 min
  step 144100  loss 2.8000  (kl 2.6991  ce 3.1027)  lr 1.79e-04  869.9 min
  step 144200  loss 3.0427  (kl 2.9753  ce 3.2447)  lr 1.78e-04  870.5 min
  step 144300  loss 2.7902  (kl 2.6744  ce 3.1376)  lr 1.78e-04  871.1 min
  checkpoint at step 144356
  step 144400  loss 2.8400  (kl 2.7252  ce 3.1842)  lr 1.77e-04  871.7 min
  step 144500  loss 2.7877  (kl 2.6677  ce 3.1476)  lr 1.77e-04  872.3 min
  step 144600  loss 2.8633  (kl 2.7299  ce 3.2634)  lr 1.77e-04  872.9 min
  step 144700  loss 2.8148  (kl 2.6955  ce 3.1725)  lr 1.76e-04  873.5 min
  step 144800  loss 2.9650  (kl 2.8657  ce 3.2628)  lr 1.76e-04  874.1 min
  step 144900  loss 2.7688  (kl 2.6735  ce 3.0548)  lr 1.76e-04  874.7 min
  step 145000  loss 2.7836  (kl 2.6833  ce 3.0844)  lr 1.75e-04  875.3 min
step 145000  tokens   4751.4M  val loss 2.7736  masked acc 0.5068  train 2.8456   875.4 min
  step 145100  loss 2.8810  (kl 2.7764  ce 3.1948)  lr 1.75e-04  876.0 min
  step 145200  loss 2.7797  (kl 2.6832  ce 3.0694)  lr 1.74e-04  876.5 min
  step 145300  loss 2.7467  (kl 2.6120  ce 3.1506)  lr 1.74e-04  877.1 min
  step 145400  loss 2.7857  (kl 2.6434  ce 3.2124)  lr 1.74e-04  877.7 min
  step 145500  loss 2.7580  (kl 2.6599  ce 3.0524)  lr 1.73e-04  878.3 min
  step 145600  loss 2.8231  (kl 2.6929  ce 3.2138)  lr 1.73e-04  878.9 min
  step 145700  loss 2.7897  (kl 2.6674  ce 3.1567)  lr 1.73e-04  879.5 min
  step 145800  loss 2.8367  (kl 2.7486  ce 3.1010)  lr 1.72e-04  880.1 min
  step 145900  loss 2.9037  (kl 2.7913  ce 3.2408)  lr 1.72e-04  880.7 min
  step 146000  loss 2.8339  (kl 2.6957  ce 3.2483)  lr 1.72e-04  881.3 min
step 146000  tokens   4784.1M  val loss 2.7590  masked acc 0.5075  train 2.8138   881.4 min
  step 146100  loss 2.9342  (kl 2.8274  ce 3.2545)  lr 1.71e-04  882.0 min
  step 146200  loss 2.9612  (kl 2.8520  ce 3.2887)  lr 1.71e-04  882.6 min
  step 146300  loss 2.8448  (kl 2.7082  ce 3.2548)  lr 1.71e-04  883.2 min
  step 146400  loss 2.8289  (kl 2.7035  ce 3.2048)  lr 1.70e-04  883.8 min
  step 146500  loss 2.8245  (kl 2.6895  ce 3.2296)  lr 1.70e-04  884.4 min
  step 146600  loss 2.9278  (kl 2.7880  ce 3.3474)  lr 1.70e-04  885.0 min
  step 146700  loss 2.8259  (kl 2.7173  ce 3.1519)  lr 1.69e-04  885.6 min
  step 146800  loss 2.8027  (kl 2.7072  ce 3.0892)  lr 1.69e-04  886.2 min
  step 146900  loss 2.8936  (kl 2.7809  ce 3.2318)  lr 1.69e-04  886.8 min
  step 147000  loss 2.8122  (kl 2.7042  ce 3.1363)  lr 1.68e-04  887.4 min
step 147000  tokens   4816.9M  val loss 2.7824  masked acc 0.5081  train 2.8656   887.4 min
  step 147100  loss 2.8266  (kl 2.7324  ce 3.1093)  lr 1.68e-04  888.0 min
  step 147200  loss 2.8184  (kl 2.6988  ce 3.1771)  lr 1.68e-04  888.6 min
  step 147300  loss 2.7990  (kl 2.6730  ce 3.1768)  lr 1.67e-04  889.2 min
  step 147400  loss 2.8397  (kl 2.6661  ce 3.3604)  lr 1.67e-04  889.8 min
  step 147500  loss 2.7654  (kl 2.6303  ce 3.1706)  lr 1.67e-04  890.4 min
  step 147600  loss 2.8672  (kl 2.7639  ce 3.1769)  lr 1.67e-04  891.0 min
  step 147700  loss 2.8282  (kl 2.7175  ce 3.1603)  lr 1.66e-04  891.6 min
  step 147800  loss 2.7694  (kl 2.6334  ce 3.1773)  lr 1.66e-04  892.2 min
  step 147900  loss 2.8257  (kl 2.7074  ce 3.1806)  lr 1.66e-04  892.8 min
  step 148000  loss 2.9357  (kl 2.8275  ce 3.2605)  lr 1.65e-04  893.4 min
step 148000  tokens   4849.7M  val loss 2.7770  masked acc 0.5066  train 2.8275   893.5 min
  step 148100  loss 2.8753  (kl 2.7572  ce 3.2296)  lr 1.65e-04  894.1 min
  step 148200  loss 2.7713  (kl 2.6480  ce 3.1410)  lr 1.65e-04  894.7 min
  step 148300  loss 2.8829  (kl 2.7506  ce 3.2797)  lr 1.65e-04  895.3 min
  step 148400  loss 2.7717  (kl 2.6176  ce 3.2340)  lr 1.64e-04  895.9 min
  step 148500  loss 2.8085  (kl 2.6742  ce 3.2114)  lr 1.64e-04  896.5 min
  step 148600  loss 2.8830  (kl 2.7966  ce 3.1423)  lr 1.64e-04  897.0 min
  step 148700  loss 2.8144  (kl 2.6849  ce 3.2029)  lr 1.63e-04  897.6 min
  step 148800  loss 2.7808  (kl 2.6314  ce 3.2288)  lr 1.63e-04  898.2 min
  step 148900  loss 2.8155  (kl 2.7017  ce 3.1572)  lr 1.63e-04  898.8 min
  step 149000  loss 2.9585  (kl 2.8333  ce 3.3340)  lr 1.63e-04  899.4 min
step 149000  tokens   4882.4M  val loss 2.7601  masked acc 0.5080  train 2.8362   899.5 min
  step 149100  loss 2.8125  (kl 2.6686  ce 3.2443)  lr 1.62e-04  900.1 min
  step 149200  loss 2.7833  (kl 2.6774  ce 3.1011)  lr 1.62e-04  900.7 min
  step 149300  loss 2.8595  (kl 2.7551  ce 3.1726)  lr 1.62e-04  901.3 min
  checkpoint at step 149329
  step 149400  loss 2.8267  (kl 2.7278  ce 3.1234)  lr 1.62e-04  901.9 min
  step 149500  loss 2.7764  (kl 2.6716  ce 3.0907)  lr 1.61e-04  902.5 min
  step 149600  loss 2.7513  (kl 2.6208  ce 3.1429)  lr 1.61e-04  903.1 min
  step 149700  loss 2.8632  (kl 2.7579  ce 3.1791)  lr 1.61e-04  903.7 min
  step 149800  loss 2.7801  (kl 2.6486  ce 3.1744)  lr 1.61e-04  904.3 min
  step 149900  loss 2.7940  (kl 2.6893  ce 3.1081)  lr 1.60e-04  904.9 min
  step 150000  loss 2.8719  (kl 2.7400  ce 3.2678)  lr 1.60e-04  905.5 min
step 150000  tokens   4915.2M  val loss 2.7724  masked acc 0.5068  train 2.8119   905.6 min
  step 150100  loss 2.8411  (kl 2.7156  ce 3.2177)  lr 1.60e-04  906.2 min
  step 150200  loss 2.8738  (kl 2.7518  ce 3.2401)  lr 1.60e-04  906.8 min
  step 150300  loss 2.7180  (kl 2.5882  ce 3.1071)  lr 1.59e-04  907.4 min
  step 150400  loss 2.8084  (kl 2.6637  ce 3.2427)  lr 1.59e-04  908.0 min
  step 150500  loss 2.7933  (kl 2.6921  ce 3.0968)  lr 1.59e-04  908.6 min
  step 150600  loss 2.7964  (kl 2.6598  ce 3.2060)  lr 1.59e-04  909.2 min
  step 150700  loss 2.8108  (kl 2.7128  ce 3.1047)  lr 1.59e-04  909.8 min
  step 150800  loss 2.8129  (kl 2.6696  ce 3.2429)  lr 1.58e-04  910.4 min
  step 150900  loss 2.9930  (kl 2.9306  ce 3.1801)  lr 1.58e-04  911.0 min
  step 151000  loss 2.8189  (kl 2.6765  ce 3.2462)  lr 1.58e-04  911.6 min
step 151000  tokens   4948.0M  val loss 2.7571  masked acc 0.5084  train 2.8267   911.6 min
  step 151100  loss 2.8396  (kl 2.7406  ce 3.1367)  lr 1.58e-04  912.2 min
  step 151200  loss 2.8046  (kl 2.6757  ce 3.1912)  lr 1.58e-04  912.8 min
  step 151300  loss 2.8371  (kl 2.7122  ce 3.2117)  lr 1.57e-04  913.4 min
  step 151400  loss 2.8505  (kl 2.7502  ce 3.1513)  lr 1.57e-04  914.0 min
  step 151500  loss 2.8453  (kl 2.7214  ce 3.2172)  lr 1.57e-04  914.6 min
  step 151600  loss 2.9332  (kl 2.8238  ce 3.2613)  lr 1.57e-04  915.2 min
  step 151700  loss 2.8255  (kl 2.7397  ce 3.0830)  lr 1.57e-04  915.8 min
  step 151800  loss 2.9039  (kl 2.8007  ce 3.2133)  lr 1.56e-04  916.4 min
  step 151900  loss 2.8024  (kl 2.6679  ce 3.2058)  lr 1.56e-04  917.0 min
  step 152000  loss 2.8097  (kl 2.6861  ce 3.1805)  lr 1.56e-04  917.6 min
step 152000  tokens   4980.7M  val loss 2.7455  masked acc 0.5078  train 2.8452   917.6 min
  step 152100  loss 2.7530  (kl 2.6392  ce 3.0943)  lr 1.56e-04  918.2 min
  step 152200  loss 2.8893  (kl 2.7904  ce 3.1859)  lr 1.56e-04  918.8 min
  step 152300  loss 2.8378  (kl 2.7242  ce 3.1786)  lr 1.55e-04  919.4 min
  step 152400  loss 2.8082  (kl 2.6625  ce 3.2453)  lr 1.55e-04  920.0 min
  step 152500  loss 2.8513  (kl 2.7790  ce 3.0685)  lr 1.55e-04  920.6 min
  step 152600  loss 2.7875  (kl 2.6613  ce 3.1663)  lr 1.55e-04  921.2 min
  step 152700  loss 2.8102  (kl 2.6955  ce 3.1540)  lr 1.55e-04  921.8 min
  step 152800  loss 2.8901  (kl 2.7888  ce 3.1939)  lr 1.55e-04  922.4 min
  step 152900  loss 2.7469  (kl 2.6578  ce 3.0143)  lr 1.54e-04  923.0 min
  step 153000  loss 2.8397  (kl 2.7157  ce 3.2120)  lr 1.54e-04  923.6 min
step 153000  tokens   5013.5M  val loss 2.7498  masked acc 0.5084  train 2.8214   923.7 min
  step 153100  loss 2.7321  (kl 2.5738  ce 3.2071)  lr 1.54e-04  924.3 min
  step 153200  loss 2.7352  (kl 2.6051  ce 3.1256)  lr 1.54e-04  924.9 min
  step 153300  loss 2.7983  (kl 2.6553  ce 3.2271)  lr 1.54e-04  925.5 min
  step 153400  loss 2.7982  (kl 2.6549  ce 3.2281)  lr 1.54e-04  926.1 min
  step 153500  loss 2.8190  (kl 2.6879  ce 3.2122)  lr 1.54e-04  926.7 min
  step 153600  loss 2.7358  (kl 2.6014  ce 3.1389)  lr 1.53e-04  927.3 min
  step 153700  loss 2.8263  (kl 2.7087  ce 3.1791)  lr 1.53e-04  927.9 min
  step 153800  loss 2.8057  (kl 2.6616  ce 3.2382)  lr 1.53e-04  928.5 min
  step 153900  loss 2.8215  (kl 2.7003  ce 3.1853)  lr 1.53e-04  929.1 min
  step 154000  loss 2.9265  (kl 2.8340  ce 3.2039)  lr 1.53e-04  929.7 min
step 154000  tokens   5046.3M  val loss 2.7668  masked acc 0.5077  train 2.7999   929.7 min
  step 154100  loss 2.8520  (kl 2.6893  ce 3.3400)  lr 1.53e-04  930.3 min
  step 154200  loss 2.7802  (kl 2.6742  ce 3.0983)  lr 1.53e-04  930.9 min
  checkpoint at step 154299
  step 154300  loss 2.8696  (kl 2.7517  ce 3.2234)  lr 1.53e-04  931.5 min
  step 154400  loss 2.8729  (kl 2.7349  ce 3.2868)  lr 1.52e-04  932.1 min
  step 154500  loss 2.8964  (kl 2.8086  ce 3.1601)  lr 1.52e-04  932.7 min
  step 154600  loss 2.8049  (kl 2.6978  ce 3.1264)  lr 1.52e-04  933.3 min
  step 154700  loss 2.8005  (kl 2.6863  ce 3.1429)  lr 1.52e-04  933.9 min
  step 154800  loss 2.7985  (kl 2.6482  ce 3.2493)  lr 1.52e-04  934.5 min
  step 154900  loss 2.8678  (kl 2.7424  ce 3.2440)  lr 1.52e-04  935.1 min
  step 155000  loss 2.7880  (kl 2.6732  ce 3.1322)  lr 1.52e-04  935.7 min
step 155000  tokens   5079.0M  val loss 2.7705  masked acc 0.5069  train 2.8331   935.8 min
  step 155100  loss 2.8238  (kl 2.7294  ce 3.1070)  lr 1.52e-04  936.4 min
  step 155200  loss 2.7720  (kl 2.6427  ce 3.1599)  lr 1.52e-04  937.0 min
  step 155300  loss 2.7960  (kl 2.6606  ce 3.2022)  lr 1.52e-04  937.6 min
  step 155400  loss 2.8455  (kl 2.7286  ce 3.1961)  lr 1.51e-04  938.2 min
  step 155500  loss 2.8834  (kl 2.7833  ce 3.1837)  lr 1.51e-04  938.8 min
  step 155600  loss 2.8982  (kl 2.7990  ce 3.1957)  lr 1.51e-04  939.4 min
  step 155700  loss 2.9088  (kl 2.8305  ce 3.1438)  lr 1.51e-04  940.0 min
  step 155800  loss 2.7210  (kl 2.5754  ce 3.1577)  lr 1.51e-04  940.6 min
  step 155900  loss 2.8135  (kl 2.6855  ce 3.1974)  lr 1.51e-04  941.2 min
  step 156000  loss 2.8824  (kl 2.7749  ce 3.2049)  lr 1.51e-04  941.8 min
step 156000  tokens   5111.8M  val loss 2.7611  masked acc 0.5089  train 2.8344   941.8 min
  step 156100  loss 2.8548  (kl 2.7192  ce 3.2618)  lr 1.51e-04  942.4 min
  step 156200  loss 2.7821  (kl 2.6555  ce 3.1620)  lr 1.51e-04  943.0 min
  step 156300  loss 2.8672  (kl 2.7821  ce 3.1224)  lr 1.51e-04  943.6 min
  step 156400  loss 2.8560  (kl 2.7345  ce 3.2204)  lr 1.51e-04  944.2 min
  step 156500  loss 2.7334  (kl 2.5965  ce 3.1441)  lr 1.51e-04  944.8 min
  step 156600  loss 2.8499  (kl 2.7247  ce 3.2252)  lr 1.51e-04  945.4 min
  step 156700  loss 2.7567  (kl 2.6243  ce 3.1538)  lr 1.51e-04  946.0 min
  step 156800  loss 2.7187  (kl 2.5989  ce 3.0781)  lr 1.50e-04  946.6 min
  step 156900  loss 2.8620  (kl 2.7574  ce 3.1760)  lr 1.50e-04  947.2 min
  step 157000  loss 2.7814  (kl 2.6618  ce 3.1401)  lr 1.50e-04  947.8 min
step 157000  tokens   5144.6M  val loss 2.7601  masked acc 0.5071  train 2.8062   947.9 min
  step 157100  loss 2.7211  (kl 2.5943  ce 3.1017)  lr 1.50e-04  948.5 min
  step 157200  loss 2.8048  (kl 2.6890  ce 3.1521)  lr 1.50e-04  949.1 min
  step 157300  loss 2.8696  (kl 2.7802  ce 3.1378)  lr 1.50e-04  949.7 min
  step 157400  loss 2.8193  (kl 2.7401  ce 3.0569)  lr 1.50e-04  950.3 min
  step 157500  loss 2.9026  (kl 2.7836  ce 3.2599)  lr 1.50e-04  950.9 min
  step 157600  loss 2.8440  (kl 2.7631  ce 3.0868)  lr 1.50e-04  951.5 min
  step 157700  loss 2.7886  (kl 2.6384  ce 3.2392)  lr 1.50e-04  952.1 min
  step 157800  loss 2.9187  (kl 2.8370  ce 3.1640)  lr 1.50e-04  952.7 min
  step 157900  loss 2.8146  (kl 2.6996  ce 3.1594)  lr 1.50e-04  953.3 min
  step 158000  loss 2.8250  (kl 2.7109  ce 3.1671)  lr 1.50e-04  953.9 min
step 158000  tokens   5177.3M  val loss 2.7573  masked acc 0.5081  train 2.8308   953.9 min
  step 158100  loss 2.8085  (kl 2.7366  ce 3.0243)  lr 1.50e-04  954.5 min
  step 158200  loss 2.8059  (kl 2.6700  ce 3.2136)  lr 1.50e-04  955.1 min
  step 158300  loss 2.8869  (kl 2.7824  ce 3.2004)  lr 1.50e-04  955.7 min
  step 158400  loss 2.9261  (kl 2.8384  ce 3.1892)  lr 1.50e-04  956.3 min
  step 158500  loss 2.7952  (kl 2.7043  ce 3.0681)  lr 1.50e-04  956.9 min
  step 158600  loss 2.8124  (kl 2.6400  ce 3.3296)  lr 1.50e-04  957.5 min
step 158658  tokens   5198.9M  val loss 2.7656  masked acc 0.5071  train 2.8392   957.9 min
[transformers] Ignoring clean_up_tokenization_spaces=True for BPE tokenizer TokenizersBackend. The clean_up_tokenization post-processing step is designed for WordPiece tokenizers and is destructive for BPE (it strips spaces before punctuation). Set clean_up_tokenization_spaces=False to suppress this warning, or set clean_up_tokenization_spaces_for_bpe_even_though_it_will_corrupt_output=True to force cleanup anyway.
  The capital of France is [MASK].  ->  France, located, Germany, Belgium, Paris
  Water freezes at zero degrees [MASK].  ->  C, F, below, degrees, 0
  The [MASK] Ocean is the largest ocean on Earth.  ->  Atlantic, Arctic, Pacific, Indian, Antarctic
  He played the [MASK] in the orchestra for twenty years.  ->  piano, role, violin, orchestra, music
  The film was directed by Steven [MASK].  ->  Brown, Smith, Miller, Anderson, Williams
  She was born in 1950 and died in [MASK].  ->  1960, 1945, 1946, 1950, 1947
saved checkpoint.pt (1467 MB) and binarized.pt (172 MB) to /workspace/kd110/run; 958.0 min in all
++ date -u +%T
+ echo '=== DONE 22:19:46 ==='
=== DONE 22:19:46 ===
